ضد آفتاب فلوئید مای مدل هیالورونیک اسید SPF50 حجم 50 میلی لیتر,My Sunscreen Cream SPF50 Fluid 50ml,"265,700","312,591",ضد آفتاب فلوییدی مای با SPF50 محصولی مناسب برای انواع پوست است که به خوبی از آن در برابر اشعه‌های مضر آفتاب (UVA و UVB) محافظت می‌کند. تکنولوژی Wet Skin استفاده شده در ساخت این محصول باعث شده است تا شما بتوانید از این ضد آفتاب هم روی پوست خشک و هم روی پوست مرطوب استفاده کنید. این ضد آفتاب بر پایه آب ساخته شده است و به همین دلیل پس از استفاده احساس سنگینی یا چربی روی پوست ایجاد نمی‌کند. محصولات مای کیفیت بسیار خوبی دارد و قابل استفاده به صورت روزانه است.,skincare,https://www.khanoumi.com/products/my-sunscreen-cream-spf50-fluid-50ml-56204
ضد آفتاب سان سیف کرم پودری و پرایمری مکیسان با SPF50 رنگی,Sunsafe Maquisun Spf50 Sunshield Cream 40g,"452,000","565,000",کرم ضد آفتاب و پرایمری مکیسان بافت سبک با جذب بسیار قوی دارد. این کرم می‌تواند علاوه بر محافظت از پوست در برابر اشعه مضر نور خورشید، باعث یکدست شدن پوست شود. رنگبندی این محصول کامل بوده و تمام افراد با انواع پوست می‌توانند از این محصول استفاده کنند.,skincare,https://www.khanoumi.com/products/sunsafe-maquisun-spf50-sunshield-cream-40g-27413
فلوئید ضد آفتاب پرایم مدل فیوژن واتر حاوی ویتامین سی 40 میل spf50,Prime Spf 50 Fusion Water Sun Protector 40 ml ,"517,000","517,000",فلوئید ضد آفتاب پرایم، یک محصول مراقبت پوست بوده که بر پایه آب تولید شده. بافت این کرم بسیار سبک بوده و سریع جذب پوست می‌شود. این محصول با انواع پوست سازگاری داشته و قابل استفاده برای تمامی افراد است. از ویژگی‌های بسیار مهم این کرم می‌توان به خاصیت  spf50 آن اشاره کرد که از پوست در برابر اشعه مضر آفتاب محافظت می‌کند. همچنین از ایجاد لک بر روی پوست نیز جلوگیری می‌کند. این کرم به راحتی جذب پوست شده و هیچ چربی اضافه و یا لک سفیدی روی پوست باقی نمی‌گذارد. کرم فلوئید پریم، دارای خاصیت آبرسانی به پوست بوده و با مرطوب کردن آن مانع از ایجاد خشکی و پیری زودرس در پوست می‌شود. با استفاده از این کرم علاوه بر محافظت پوست از اشعه آفتاب، باعث جوانسازی، روشن سازی و زیبایی دو چندان آن نیز می‌شوید..,skincare,https://www.khanoumi.com/products/prime-spf-50-fusion-water-sun-protector-40-ml-67588
کرم ضد آفتاب بی رنگ پیکسل مدل Oily Acne Prone Skin با SPF50 مناسب پوست چرب حجم 50 میلی لیتر,Pixxel Sun Screen No Color For Acne Prone And Oily Skin 50ml,"335,370","399,000",کرم ضد آفتاب بدون رنگ فلوئیدی پیکسل محصول مناسب برای پوست‌های چرب و جوشدار است. این کرم بافت بسیار سبکی دارد که سریع جذب پوست می‌شود و پوست را چرب یا براق نمی‌کند. همچنین در ترکیبات این کرم از آبرسان و مرطوب کننده استفاده شده که از چروک پوست و ایجاد آکنه جلوگیری می‌کند.,skincare,https://www.khanoumi.com/products/pixxel-sun-screen-no-color-for-acne-prone-and-oily-skin-50ml-56665
سرم ویتامین سی پرایم مدل C-Prime حجم 30 میلی لیتر,Prime Vitamin C Serum 30ml,"591,200","739,000",بی‌شک همه ما از حساسیت بالای پوست و اهمیت مراقبت از آن اطلاع داریم؛ به همین دلیل به دنبال محصولاتی هستیم که بتوانند به نیازهای پوست ما پاسخ دهند. اگر لک‌های پوستی یا چروک‌های سطحی، مشکل پوست شماست، سرم ویتامین سی پرایم ازجمله محصولاتی است که می‌تواند به شما کمک کند. این محصول علائم پیری را کاهش داده و به روشن‌تر شدن پوست کمک می‌کند. استفاده مرتب از این سرم موجب رطوبت‌رسانی به پوست می‌شود. آنتی‌اکسیدان‌های موجود و عصاره‌های گیاهی در این محصول سبب می‌شود تا پوست سالم، شاداب و جوان‌تر به نظر برسد. این سرم پس از استفاده جذب شده و ردی روی پوست شما باقی نخواهد گذاشت. ,skincare,https://www.khanoumi.com/products/prime-vitamin-c-serum-23844
تونر لافارر مدل Multi Active مناسب پوست چرب و مختلط حجم 170 میلی لیتر,Lafarrerr Multi Active oily skin toner 170 ml,"194,490","216,100",تونر Multi Active لافارر متناسب با پوست‌های چرب تهیه شده و به همین دلیل چربی پوست شما را کنترل می‌کند. استفاده از این محصول به کاهش منافذ باز پوست کمک کرده و به دلیل خاصیت رطوبت‌رسانی خود موجب شادابی و لطافت پوست می‌شود. بافت ژلی این تونر باعث شده است تا شما بتوانید از آن به آسانی استفاده کنید. فرمولاسیون این محصول به گونه‌ای است که آن را به یک گزینه مناسب برای استفاده روزانه تبدیل کرده است.,skincare,https://www.khanoumi.com/products/lafarrerr-toner-multi-active-1-for-oily-and-combination-skin-170ml-37812
کرم ضد آفتاب و ضد لک رنگی لافارر مدل SPF40 مناسب پوست نرمال و خشک حجم 40 میلی لیتر,Lafarrerr anti spot tinted sunscreen cream for dry skin 40 ml,"646,850","761,000",کرم ضد آفتاب لافارر، محصولی مناسب برای پوست خشک و معمولی است. این کرم علاوه بر ضد آفتاب بودن، ضد لک و یک مرطوب کننده هم محسوب می‌شود. می‌توانید از کرم ضد آفتاب رنگی لافارر به طور روزانه استفاده کنید. با مصرف این کرم علاوه بر مراقبت از پوست، پوست شما یکدست و شفاف خواهد شد.,skincare,https://www.khanoumi.com/products/lafarrerr-anti-spot-tinted-sunscreen-cream-for-dry-skin-25316
فوم شست و شو صورت حاوی ویتامین سی حجم 150میل ویتالیر,Vitalayer Vitamin C Foaming Face Wash 150ml,"229,000","239,700", فوم شستشو صورت حاوی ویتامین سی ویتالیر با دارا بودن ترکیبات موثر، موجب پاکسازی عمیق منافذ پوست و از بین رفتن آلودگی‌ها و ناخالصی‌ها می‌شود. این محصول حاوی ویتامین C و هیالورونیک اسید است، در آبرسانی و حفظ رطوبت پوست موثر است. این فوم ضدحساسیت، با دارا بودن PHمتناسب با پوست موجب نرمی و لطافت بیشتر آن شده و در طراوت و شادابی پوست موثر است. فوم شستشوی صورت حاوی ویتامین سی ویتالیر یک برس نرم و سیلیکونی دارد که هنگام شستشوی صورت از آن استفاده می‌شود. ماساژ این برس با افزایش گردش خون زیر پوست موجب بهبود تنفس پوست شده و در روشن و شفاف شدن پوست موثر است. یکی از مزایای این محصول تحریک و افزایش کلاژن سازی در پوست است که باعث افزایش خاصیت ارتجاعی پوست می‌شود و به جوانسازی پوست کمک می‌کند. ,skincare,https://www.khanoumi.com/products/vitalayer-vitamin-c-foaming-face-wash-150ml-32407
کرم ضد آفتاب درماتیپیک بی رنگ مدل Hydra با SPF +50 مناسب پوست خشک و نرمال حجم 50 میلی لیتر,Dermatypique Sunscreen Cream For Normal And Sensitive Skins Spf50 ,"379,800","379,800",شعه‌های خورشید همانطور که از به ما حیات و زندگی می‌بخشند، می‌توانند آسیب‌های زیادی به پوست ما وارد کنند؛ همین مسئله باعث می‌شود تا استفاده از کرم‌های ضد آفتاب اهمیت بسیاری پیدا کنند. کرم ضد آفتاب درماتیپیک مدل Invisible محصولی مناسب برای افراد دارای پوست خشک و نرمال است. فرمولاسیون این محصول به گونه‌ای است که می‌تواند از پوست شما دربرابر اشعه‌های UVA و UVB محافظت کند. ماندگاری این ضد آفتاب بالاست و به همین دلیل شما می‌توانید به صورت روزانه از این محصول استفاده کنید.,skincare,https://www.khanoumi.com/products/dermatypique-sunscreen-cream-for-normal-and-sensitive-skinsspf50-52746
کرم آبرسان و مرطوب کننده لافارر مناسب پوست مختلط مدل 2 حجم 75 میلی لیتر,"Lafarrerr moisturizing cream for normal and 
combination skin 75 ml ","236,300","278,000",کرم آبرسان و مرطوب کننده شماره 2 لافارر محصولی مناسب پوست مختلط و نرمال است که رطوبت موردنیاز پوست را تأمین کرده و موجب نرمی و لطافت آن می‌شود. این محصول بافتی سبک و غیر چرب دارد بنابراین پس از استفاده احساس سنگینی روی پوست خود نخواهید داشت. این کرم حاوی عصاره‌های گیاهی است؛ به همین دلیل نه‌تنها پوست را نرم و لطیف خواهد کرد بلکه مانع از ایجاد چین و چروک روی پوست می‌شود.,skincare,https://www.khanoumi.com/products/lafarrerr-moisturizing-cream-for-normal-and-combination-skin-25323
کرم ضد آفتاب بی رنگ سینره مدل Oil Free با +SPF50 مناسب پوست چرب حجم 50 میلی لیتر,Cinere SPF50 Sunscreen Cream,"264,000","330,000",اگر دارای پوست چرب هستید و به دنبال یک ضد آفتاب بدون چربی می‌گردید، ضد آفتاب بی رنگ سینره گزینه‌ای مناسب برای شماست. این ضد آفتاب همانند یک لایه محافظ عمل کرده و از پوست دربرابر اشعه‌های UVA و UVB و رادیکال‌های آزادمحافظت می‌کند. این کرم فاقد چربی است و پس از استفاده ظاهری مات به پوست شما خواهد بخشید. بافت ضد آفتاب سینره سبک است؛ بنابراین شما می‌توانید به صورت روزانه از این محصول استفاده کنید.,skincare,https://www.khanoumi.com/products/cinere-spf50-sunscreen-cream-24329
کرم ضد آفتاب بدون رنگ ژنوبایوتیک مدل Fusion Water با SPF50 مناسب انواع پوست حجم 30 میلی لیتر,Geno Biotic Fusion Water Sunscreen For All Skin Types 30ml,"648,800","648,800",ضد آفتاب فیوژن واتر محصول ایرانی مناسب برای انواع پوست است. این ضد آفتاب بافت بسیار نرم و سبکی دارد که سریع جذب پوست می‌شود. هیچ رد سفیدکی روی پوست باقی نمی‌گذارد و از پوست در برابر اشعه مضر آفتاب محافظت می‌کند. از دیگر مزایای بسیار مهم این کرم می‌توان به خاصیت ضد آب بودن آن اشاره کرد که در برابر تعریق مقاوم بوده و مناسب استفاده در زمان ورزش‌های آبی است.,skincare,https://www.khanoumi.com/products/geno-biotic-fusion-water-sunscreen-for-all-skin-types-30ml-68637
کرم آبرسان ژوت مدل هیدراکتیو حجم 120 میلی لیتر,Jute Hydra Active Cream,"208,870","241,000",کرم آبرسان مدل هیدراکتیو لیتر ژوت با فرمولاسیون ویژه، رطوبت مورد نیاز پوست را تامین کرده و به عمق آن نفوذ می‌کند. این کرم با ترکیبات مغذی، پوست را نرم، لطیف و درخشان می‌سازد، مناسب برای انواع پوست و ایده‌آل برای حفظ تازگی و شادابی پوست در طول روز است.,skincare,https://www.khanoumi.com/products/jute-hydra-active-cream-25265
اسپری ضد جوش بدن Salicyl 2 سبوما 250میل آردن,Ardene Sebuma Salicyl 2 Anti Acne Spray For Back And Body 250ml,"503,100","559,000",برخی افراد علاوه بر جوش صورت در نواحی دیگر بدن از جمله بازوها، قفسه سینه و پشت بدن نیز دچار جوش و آکنه می‌شوند. جوش صورت و بدن گاه ایجاد خارش و قرمزی کرده و موجب التهاب می‌گردد. اسپری ضد جوش بدن سبوما آردن، در رفع و جلوگیری از بروز جوش بر روی پوست بدن و صورت موثر بوده و قرمزی و التهاب ناشی از آکنه را بهبود می‌بخشد. این محصول حاوی اسید سالیسیلیک بوده که از ایجاد جوش روی پوست سینه، بازو، شانه و گردن جلوگیری کرده و به تنظیم ترشح چربی کمک می‌کند. این محصول با لایه برداری طبیعی از لایه شاخی پوست در مهار رشد و تکثیر باکتریهای مولد جوش موثر بوده و روشن کننده و یکدست کننده سطح پوست است. اسپری ضد جوش سبوما از ایجاد خارش و چسبندگی جلوگیری کرده و از پوست در برابر رادیکال‌های آزاد محافظت می‌کند. ,skincare,https://www.khanoumi.com/products/ardene-sebuma-salicyl-2-anti-acne-spray-for-back-and-body-250ml-34749
میسلار واتر هیدرودرم مدل 3 در 1 Mattifying حجم 250 میلی لیتر,Hydroderm Mattifying Micellar Water For Oily Skins,"148,000","185,000",میسلار واتر هیدرودرم مدل 3 در 1 Mattifying در حجم 250 میلی لیتر تهیه شده است تا برای مصرف روزانه مناسب باشد. این محصول فاقد الکل، مواد صابونی و پارابن است که برای پوست‌های چرب، مختلط، مستعد جوش قابل استفاده خواهد بود. ژل برگ آلوئه ورا، عصاره میوه خیار و اسید هیالورونیک هیدرولیز شده از ترکیبات موثری هستند که در این محصول استفاده شده تا چربی اضافی، گرد و غبار و آلودگی‌ها را از سطح پوست برطرف کنند.,skincare,https://www.khanoumi.com/products/hydroderm-mattifying-micellar-water-for-oily-skins-44823
کرم ضد آفتاب بی رنگ ژنوبایوتیک مدل Sunogen با SPF50 مناسب پوست چرب و مختلط حجم 50 میلی لیتر,Genobiotic Colorless SunoGen Sunscreen Cream for oily  Skin SPF50 50g,"295,040","368,800",نور خورشید اگرچه فوایدی برای بدن دارد و باعث تقویت سیستم ایمنی می‌شود، درعین حال قرار گرفتن مستمر در معرض نور آفتاب باعث ایجاد آفتاب‌سوختگی،  لک و چین و چروک‌هایی در سطح پوست می‌شود که باید برای پیشگیری از هر گونه آسیب جدی به پوست از ضد آفتاب‌های مناسب آن استفاده کنیم. قرار گرفتن در معرض نور خورشید به مدت طولانی باعث می‌شود سلول‌های سطحی پوست آسیب ببنند.بنابراین کرم‌های ضد آفتاب و استفاده‌ی مداوم از آن‌‌ها به حفظ سلامت و زیبایی پوست کمک شایانی کرده و در به تعویق انداختن پیری پوست بسیار موثر است. ضد افتاب‌ها به پوست کمک میکنند تا بروز علائم پیری به تعویق بیفتد.  کرم ضد آفتاب پوست چرب سانوژن بی رنگ ژنو بایوتیک نقش موثری در مهار اشعه مضر خورشید داشته و با فرمولاسیون منحصر به فرد خود مانع ایجاد جوش و آکنه می‌گردد. این محصول مخصوص پوست‌های چرب طراحی شده و فاقد چربی است. بافت سبکی داشته و به سرعت جذب پوست می‌شود و اثری از چربی و سنگینی روی پوست ایجاد نمی‌کند. این محصول با حفظ رطوبت پوست مانع از پیری زودرس شده و ضد التهاب است. ضد آفتاب پوست چرب ژنوبایوتیک مانع از بروز لک‌های پوستی شده غیر کمدون‌زاست.,skincare,https://www.khanoumi.com/products/genobiotic-colorless-sunogen-sunscreen-cream-for-oily--skin-spf50-50g-67984
کرم ضد آفتاب رنگی الارو با SPF30 مناسب انواع پوست حجم 40 میلی لیتر,Ellaro SunScreen Cream Oil free SPF 30,"530,190","593,495",کرم ضد آفتاب پودری الارو، محصول مناسب برای پوست چرب و مستعد آکنه است. به دلیل دارا بودن سیلیکون سبب ایجاد حس ابریشمی و مات می‌شود به طوری که بعد از استفاده هیچ چربی روی پوست باقی نمی‌گذارد. این ضد آفتاب از برند الارو دارای خاصیت لایه برداری ملایم است و به مرور زمان باعث کم شدن لک بر روی پوست شما می‌شود.,skincare,https://www.khanoumi.com/products/ellaro-sunscreen-cream-oil-free-spf-30-256
ژل شستشوی صورت هیدرودرم مدل Acne Wash مناسب پوست چرب حجم 150 میلی لیتر,Hydroderm Oily Skin Wash skin Gel 150ml,"97,700","122,130",ژل شستشو صورت هیدرودرم یک محصول مناسب برای افراد دارای پوست چرب است. این ژل شستشو ضمن پاکسازی پوست، به کنترل چربی و مهار جوش و آکنه هم کمک شایانی می‌کند. این ژل چربی اضافی، آلودگی‌ها و محصولات آرایشی را به خوبی از منافذ پوست شما پاک کرده و به افزایش کیفیت آن کمک می‌کند.,skincare,https://www.khanoumi.com/products/hydroderm-acne-wash-18589
ماسک صورت کرمی هیدرودرم مدل لایه بردار AHA حجم 100 میلی لیتر,Hydroderm AHA Clay Mask 100ml ,"236,800","296,000",از آن‌جایی که پوست، حساسیت زیادی دارد و سلامت آن در زیبایی ما به خصوص صورتمان بسیار تاثیرگذار است، باید با رسیدگی و مراقبت درست در حفظ سلامت، جوانی و شادابی پوست تلاش کنیم. خاک رس ماده‌ای طبیعی و در عین حال بسیار پرخاصیت است که با پاکسازی عمیق و تقویت پوست در جوانسازی و زیباتر شدن آن موثر است. امروزه استفاده از ماسک‌هایی که دارای خاک رس هستند رواج پیدا کرده است. ماسک صورت رسی لایه‌بردار آ اچ آ هیدرودرم، با لایه‌برداری طبیعی و ملایم پوست، موجب از بین رفتن لایه شاخی و سلول‌های مرده و پاکسازی عمیق منافذ پوست می‌شود. این محصول حاوی خاک رس، اسیدهای طبیعی میوه و اسید سالیسیلیک بوده به جمع شدن منافذ باز پوست، کاهش تیرگی و لک‌های قهوه‌ای و کاهش چربی سطح پوست کمک می‌کند. ماسک صورت رسی لایه بردار آ اچ آ هیدرودرم ضد آلودگی، شفاف‌کننده و روشن‌کننده پوست است و در یکنواخت شدن رنگ چهره تاثیرگذار است. یکی از خواص خاک رس از بین بردن چربی اضافه پوست و متعادل سازی ترشح آن است. قیمت ماسک صورت رسی لایه‌بردار آ اچ آ 100 میل هیدرودرم، بسیار مناسب است ,skincare,https://www.khanoumi.com/products/hydroderm-aha-clay-mask-100ml-26808
کرم مرطوب کننده نئودرم مدل Optimal Hydrosense حجم 150 میلی لیتر,Neuderm Optimal Hydrosense Hydrating Cream 150ml,"118,678","118,678",کرم مرطوب‌کننده نئودرم یک آبرسان قوی با جذب سریع و بافت سبک است. این محصول رطوبت موردنیاز پوست را به خوبی تامین کرده و از خشکی و التهابات پوستی جلوگیری می‌کند. این محصول متناسب با نیازهای پوست نرمال و خشک تهیه شده و به نرمی و لطافت آن‌ها کمک می‌کند. ترکیبات موثر این محصول موجب جوانی و کاهش علائم پیری پوست هم می‌شود.,skincare,https://www.khanoumi.com/products/neuderm-optimal-hydrosense-hydrating-cream-150ml-30304
کرم نرم و مرطوب کننده ثمین حاوی اوسرین و اوره 10درصد,SAMIN UREA 10% EMOLIENT CREAM,"119,200","149,000",کرم نرم و مرطوب کننده اوسرین و اوره 10% ثمین، مناسب پوست‌های خشک و حساس است. این کرم با ترکیبات اوسرین و اوره، رطوبت پوست را حفظ کرده و به تجدید سلول‌های پوستی کمک می‌کند. استفاده منظم از آن، پوست را نرم، مرطوب و سالم نگه می‌دارد.,skincare,https://www.khanoumi.com/products/samin-urea-10-emolient-cream-21243
کرم آبرسان صورت الیوکس مدل Oily مناسب پوست چرب حجم 70 میلی لیتر,Olivex Hydrating Cream For Oily Skin 70ml,"188,000","235,000",کرم آبرسان الیوکس با تامین رطوبت موردنیاز پوست خشکی و کشیدگی پوست را رفع کرده و به دلیل داشتن بافت سبک پس از استفاده هیچگونه سنگینی یا چربی اضافی روی پوست شما ایجاد نخواهد کرد. این محصول با آبرسانی عمیق به پوست از بروز چین و چروک جلوگیری کرده و به شما پوستی نرم و لطیف را هدیه می‌دهد. نداشتن پارابن و مواد نگهدارنده مضر از دیگر مزایای این کرم است که به شما کمک می‌کند تا با خیالی آسوده از آن استفاده کنید.,skincare,https://www.khanoumi.com/products/olivex-hydrating-cream-for-oily-skin-70ml-30986
کرم ضد آفتاب بی رنگ سینره با SPF60 مناسب پوست نرمال تا خشک حجم 50 میلی لیتر,Cinere SPF60 Sunscreen Cream,"280,000","350,000",کرم ضد آفتاب SPF60+ بدون رنگ سینره، فرمولاسیونی متناسب با افرادی با پوست نرمال تا خشک دارد. توانایی بالا در پیشگیری از ایجاد لک و تیرگی پوست، در کنار عملکرد حفاظت پوست در برابر اشعه های UVA و UVB و جلوگیری از آفتاب سوختگی، این کرم را منحصر به فرد کرده است. در نتیجه این محصول برای افراد مستعد به کک و مک اثرگذاری بالایی دارد.,skincare,https://www.khanoumi.com/products/cinere-spf60-sunscreen-cream-24331
ریمل بلند کننده لش آپ کلیک نوت,Note Lash Up Click Mascara,"500,050","588,291",همه‌ی ریمل‌ها دارای رنگدانه‌های تیره‌ای هستند که مژه‌ها را مشکی و جذاب می‌کنند و جلوه‌ی بهتری به آن‌ها می‌دهد. ریمل بلند کننده لش آپ کلیک نوت، برای افرادی مناسب است که مژه‌های کم حجم و صاف دارند. یکی از مزیت‌های مهم این ریمل باز شدن آسان درب این مصول است و با اشاره یکدست ویک کلیک درب محصول باز می‌شود و به آسانی قابل استفاده است؛ همچنین روغن بادام موجود در این ریمل از ایجاد خشکی در مژه‌ها جلو گیری می‌کند و به هیچ عنوان زیر چشم را سیاه نمی‌کند.,eye-makeup,https://www.khanoumi.com/products/note-lash-up-click-mascara-71251
خط چشم مات این لی,Inlay Matte Liquid Eyeliner,"272,000","320,000",یکی از اقلام آرایشی که نقش مهمی در زیبایی چشم‌ها دارد خط چشم است. خط چشم حالت زیبا و گیرایی به چشم‌ها بخشیده و با فرم بخشیدن به آن موجب جذابیت و زیبایی چهره می‌شود. خط چشم می‌تواند به کامل کردن آرایش کمک کرده و موجب حرفه‌ای دیده شدن میک آپ شود. هر فرد با توجه فرم چشم و صورت و سلیقه خود می‌تواند از خط چشم استفاده کرده و مدل چشم را تغییر دهد. برای کشیدن خط چشم باید دقت زیادی داشته باشید تا لرزش دست کمتر شده و نتیجه‌ی مطلوب حاصل شود. برای درشت‌تر دیده شدن چشم می‌توانید خط چشم را دقیقا روی خط مژه‌های پشت پلک یعنی روی قسمت رویش مژه بکشید. تقارن در کشیدن خط چشم بسیار نکته مهمی است. خط چشم مات این لی مناسب انواع پوست بوده و دارای رنگ مات مشکی است. سری این خط چشم مویی و ظریف بوده و برای استفاده افراد حرفه‌ای گزینه مناسبی است. بافت این خط چشم بسیار سبک بوده و موجب ریزش و ایجاد سیاهی زیر چشم نمی‌شود. این محصول فاقد پارابنو ترکیبات آسیب رسان بوده و این یکی از مزایای خرید خط چشم مات این لی به شمار می‌رود. این محصول ماندگاری بالایی داشته و رطوبت پشت پلک را حفظ می‌کند و روی پلک چروک ایجاد نمی‌کند. خط چشم این لی به سرعت خشک می‌شود و بدون پخش شدن موجب زیبا دیده شدن آرایش می‌شود. این خط چشم برای چشم‌های حساس و افرادی که از لنزهای تماسی استفاده می‌کنند نیز مناسب است. اپلیکاتور مویی ظریف این خط چشم برای ایجاد خطی یکدست و زیبا روی پلک طراحی شده است.,eye-makeup,https://www.khanoumi.com/products/inlay-matte-liquid-eyeliner-70180
تونیک تقویت کننده مژه وچه حجم 5 میلی لیتر,Voche Eyelashes Fortifying Tonic 5ml,"475,200","528,000",حجم: 5 میلی لیتر,eye-makeup,https://www.khanoumi.com/products/voche-eyelashes-fortifying-tonic-5ml-79318
‫سایه چشم چهار رنگ درامتیک شون,Schon Dramatic Quad Eye Shadow,"376,660","443,128",هنگام تست یک سایه چشم باید توجه داشته باشید که میزان فشردگی رنگدانه‌های آن چگونه است. اگر ساختار سایه بیش از حد فشرده و سفت و سخت باشد احتمالا رنگدهی زیادی نخواهد داشت و اگر بافتی بسیار شل و نرم داشته باشد ممکن است هنگام استفاده روی صورت و لباس بریزد. ‫فرمولاسیون سایه چشم درامتیک شون بر پایه ترکیبات گیاهی بوده و با بافت سبک و نرم خود پوششی یکدست و مخملی روی پلک ایجاد می‌کند. این محصول حاوی روغن جوانه گندم بوده که پوست پلک را آبرسانی و تغذیه می‌کند و از خط اندازی سایه در پشت پلک به علت تعریق پوست جلوگیری می‌کند. رنگ‌های سایه چهار رنگ با هم قابل ترکیب بوده و جلوه‌ای طبیعی و ماندگار را بر روی پلک به وجود می‌آورد. سایه چشم شون دارای اپلیکاتور نرم و کارآمد و تنوع رنگی مطابق با سلیقه بانوان ایرانی بوده و در حفظ سلامت پوست پلک هم تاثیر مثبتی دارد.,eye-makeup,https://www.khanoumi.com/products/schon-dramatic-quad-eye-shadow-22970
خط چشم مویی رزآدو مدل Long Lasting حجم 3 میلی لیتر,Rozado Long Lasting Eye Liner 3 ml,"225,000","359,500",بافت: مایع,eye-makeup,https://www.khanoumi.com/products/rozado-long-lasting-eye-liner-3-ml-81806
پالت سایه چشم کالیستا 10 رنگ,Callista Eyeshadow Palette,"436,020","512,963",پالت سایه چشم کالیستا یکی از محصولات آرایشی بسیار جذاب برای هر خانمی است. با استفاده از سایه چشم می‌توانید فرم چشم‌های خود را عوض کنید و جلوه‌ای زیبا به آن ببخشید. پالت سایه چشم کالیستا، محصول جدید این برند بوده که رنگدانه‌های بسیار قوی دارد. پوشش صاف و یکدست این سایه چشم رنگی به شما اجازه ترکیب رنگ سریع و راحت را می‌دهد. رنگ بندی پالت سایه چشم کالیستا کامل و تکمیل است و شما می‌توانید از آن به طور روزانه و در مهمانی‌ها استفاده کنید.,eye-makeup,https://www.khanoumi.com/products/callista-eyeshadow-palette-77697
خط چشم براق این لی,Black Mirror Eyeliner,"256,000","320,000",از ویژگی‌های کشیدن خط چشم می‌توان به فرم دهی چشم‌ها اشاره کرد. خط چشم‌ها قادر هستند تا چشم‌ها را بزرگتر یا کوچکتر، خسته تر یا با نشاط تر نمایش دهند. امروزه خط چشم‌های بسیاری روانه بازار شده‌اند که از معروف‌ترین آن می‌توان به خط چشم براق این لی اشاره کرد. از مزایای استفاده از این خط چشم می‌توان به بافت نرم و سبک، فاقد اسانس و پارابن، درشت نشان دادن چشم‌ها، ماندگاری و پوشانندگی بالا اشاره کرد. بهتر است بدانید ترکیبات این خط چشم از پارابن و مواد آسیب رسان استفاده نشده است و به همین دلیل باعث بروز التهاب و یا حساسیت نخواهد شد زیرا این محصول بافتی بسیار سبک دارد که به راحتی روی پوست کشیده می‌شود بدون اینکه باعث ایجاد چروک شود.,eye-makeup,https://www.khanoumi.com/products/black-mirror-eyeliner-70181
سایه چشم چهارعددی دیزاین کالیستا,Callista Quattro Eyeshadow Design ,"385,480","453,500",سایه چشم دیزاین کالیستا در هر بسته شامل 4 رنگ متنوع و کاربردی بوده و برای خانم‌ها با انواع پوست و سلیقه‌های متفاوت گزینه مناسبی به شمار می‌رود. این محصول از بافت پودری، فوق‌العاده نرم، ذرات ریز میکرونی و کیفیت بالایی برخوردار است، به راحتی روی پلک پخش می‌شود و جلوه‌ای زیبا و درخشان را روی آن به وجود می‌آورد. سایه چشم کالیستا ساختاری مخملی و سبک داشته و باعث ایجاد حس سنگینی و خستگی روی پلک نخواهد شد. این محصول با دارا بودن شی‌باتر موجب تقویت ریشه مژه‌ها و پوست پلک شده و به حفظ سلامت آن‌ها کمک می‌رساند. ویتامین E موجود در ترکیبات سایه چشم چهارتایی کالیستا با خاصیت آنتی‌اکسیدانی خود به خوبی از پوست پلک در برابر رادیکال‌های آزاد و عوامل مخرب محیطی محافظت کرده و امانع بروز چین و چروک و علائم پیری زودرس در آن می‌گردد. این محصول با رنگدانه‌های قوی خود پوششی یکدست و کامل روی پلک به وجود آورده و به چشم‌ها جلوه‌ای گیرا و جذاب می‌بخشد. سایه چشم دیزاین کالیستا از ماندگاری و دوام بالایی برخوردار بوده، در اثر تعریق نمی‌ریزد و مانع ایجاد خطوط در پشت پلک و لکه در اطراف چشم می‌شود. این محصول با پوست سازگاری داشته و از بروز حساسیت روی آن پیشگیری به عمل می‌آورد. خرید اینترنتی سایه چشم چهارتایی دیزاین کالیستا از فروشگاه خانومی فرآیندی سریع و مطمئن خواهد بود.,eye-makeup,https://www.khanoumi.com/products/callista-quattro-eyeshadow-design-26301
سایه چشم گریم مدل آکوا ترو کاور,True Cover Aqua Eye Shadow,"79,000","99,000",برند ایرانی تروکاور که در زمینه تولیدات تخصصی جهت: گریم سینمایی، عروس و محصولات سالنی در حوزه سلامت و زیبائی آغاز به کار نموده است. نمونه ای از تولیدات این برند با کیفیت در فروشگاه اینترنتی خانومی رو برای خرید موجود می باشد.سایه چشم آکوا تروکاور در دو نوع مات و براق و در رنگهای بینهایت زیبا با تنوع رنگی نامحدود موجود بوده و برای زیبا ساختن پلک و آرایش شما کمک بسیاری می کند. در این محصول ترکیبات معدنی استفاده شده که بسیار مفید می باشد. از رنگ های متفاوت سایه آکوا می توان به عنوان ریمل نیز استفاده کرد.,eye-makeup,https://www.khanoumi.com/products/true-cover-aqua-eye-shadow-65349
خط چشم مویی کاپرا,Kapra Liquid Eyeliner,"199,999","243,750",خوش‌دست بودن خط چشم و کاربرد آسان آن یکی از عواملی است که برای کشیدن خطی صاف و یکنواخت می‌تواند به همه خانم‌ها در رسیدن به نتیجه‌ای مطلوب و دلخواه کمک نماید. خط چشم‌ها در انواع و اشکال مختلفی مانند مایع، ماژیکی، مویی، نمدی، مدادی و ژله‌ای تولید و روانه بازار شده‌اند. رنگدانه‌های قوی، پررنگ و روان بودن یک خط چشم از ویژگی‌های مهم این وسیله آرایشی به شمار می‌رود. خط چشم کاپرا از بافتی سبک و فرمولاسیونی باکیفیت و غنی برخوردار است و با سری نرم، مویی و حرفه‌ای خود به ایجاد خطی صاف و زیبا پشت چشم کمک می‌کند. این محصول رنگدانه‌هایی قوی و مشکی داشته، استفاده از آن آسان و راحت است و جلوه‌ای مات و زیبا به چشم می‌دهد. خط چشم مویی کاپرا در برابر آب و تعریق مقاوم بوده و با ماندگاری بالایی که دارد، نمی‌ریزد و باعث ایجاد لک و سیاهی در اطراف چشم نمی‌شود. همچنین این محصول مانع بروز حساسیت در چشم شده و برای افرادی که چشم‌های حساسی دارند گزینه مناسبی به شمار می‌رود. خرید اینترنتی خط چشم کاپرا از فروشگاه خانومی فرآیندی سریع و بی‌دردسر است.,eye-makeup,https://www.khanoumi.com/products/kapra-liquid-eyeliner-66087
خط چشم آل این وان بلک دایموند مای,my diamond all in one liquid liner,"158,760","186,781",خط چشم، یکی از وسیله‌های آرایشی مورد علاقه خانم‌هاست. یکی از خواسته‌های خانم‌ها برای داشتن آرایش چشمی زیبا، کشیدن خط چشمی صاف، ظریف، خوش‌حالت، پررنگ و بی عیب و نقص است. قلم‌مو، خوش دست بودن و نوع ماده خط چشم می‌تواند در راحتی کار با آن موثر باشد. خط چشم آل این وان بلک دایموند مای محصولی بسیار کاربردی جهت ایجاد خطوطی یکدست، صاف، جذاب و ظریف بوده، بافتی نرم و سبک دارد و به سرعت روی پلک خشک می‌شود. خط چشم مای دارای نوک انعطاف پذیر و فوم مانند بوده، به راحتی مدل‌های متفاوت خط چشم را برای شما ایجاد می‌نماید و در اطراف چشم و پلک پخش نمی‌شود. خط چشم بلک دایموند مای رنگدانه‌ای کاملا مشکی داشته، از پوشش‌دهی بالا و ماندگاری مناسبی برخوردار است و جلوه‌ای زیبا و طبیعی به چشم‌ها می‌بخشد. خط چشم آل این وان مای حاوی آلانتوئین و آلفا بیزابولول بوده، با رطوبت‌رسانی به پوست و مژه‌ها به تقویت آن‌ها کمک کرده و از ایجاد حساسیت و التهاب روی پلک و چشم جلوگیری می‌کند. قیمت خط چشم مای مناسب و مقرون به صرفه بوده و شما می‌توانید به راحتی آن را از فروشگاه اینترنتی خانومی سفارش دهید.,eye-makeup,https://www.khanoumi.com/products/my-diamond-all-in-one-liquid-liner-19739
ضد آفتاب فلوئید مای مدل هیالورونیک اسید SPF50 حجم 50 میلی لیتر,My Sunscreen Cream SPF50 Fluid 50ml,"265,700","312,591",ضد آفتاب فلوییدی مای با SPF50 محصولی مناسب برای انواع پوست است که به خوبی از آن در برابر اشعه‌های مضر آفتاب (UVA و UVB) محافظت می‌کند. تکنولوژی Wet Skin استفاده شده در ساخت این محصول باعث شده است تا شما بتوانید از این ضد آفتاب هم روی پوست خشک و هم روی پوست مرطوب استفاده کنید. این ضد آفتاب بر پایه آب ساخته شده است و به همین دلیل پس از استفاده احساس سنگینی یا چربی روی پوست ایجاد نمی‌کند. محصولات مای کیفیت بسیار خوبی دارد و قابل استفاده به صورت روزانه است.,skincare,https://www.khanoumi.com/products/my-sunscreen-cream-spf50-fluid-50ml-56204
ضد آفتاب سان سیف کرم پودری و پرایمری مکیسان با SPF50 رنگی,Sunsafe Maquisun Spf50 Sunshield Cream 40g,"452,000","565,000",کرم ضد آفتاب و پرایمری مکیسان بافت سبک با جذب بسیار قوی دارد. این کرم می‌تواند علاوه بر محافظت از پوست در برابر اشعه مضر نور خورشید، باعث یکدست شدن پوست شود. رنگبندی این محصول کامل بوده و تمام افراد با انواع پوست می‌توانند از این محصول استفاده کنند.,skincare,https://www.khanoumi.com/products/sunsafe-maquisun-spf50-sunshield-cream-40g-27413
ضد آفتاب بی رنگ ژیناژن مدل Fusion liquid مناسب پوست چرب 50 میلی لیتر,Ginagen Sun Screen For Oily Skins 50ml,"392,920","470,000",کرم ضد آفتاب ژیناژن، محصول مناسب برای پوست چرب است. بافت این محصول کاملا سبک بوده و سریع جذب پوست می‌شود. به طوری که بعد از استفاده هیچ چربی روی پوست باقی نمی‌گذارد. در نتیجه اگر پوست بسیار چربی هم دارید؛ می‌توانید از این کرم ضد آفتاب استفاده کنید. کرم ضد آفتاب ژیناژن بی رنگ بوده و یک گزینه‌ی مناسب جهت استفاده روزانه است.,skincare,https://www.khanoumi.com/products/ginagen-sun-screen-for-oily-skins-50ml-50827
فلوئید ضد آفتاب پرایم مدل فیوژن واتر حاوی ویتامین سی 40 میل spf50,Prime Spf 50 Fusion Water Sun Protector 40 ml ,"517,000","517,000",فلوئید ضد آفتاب پرایم، یک محصول مراقبت پوست بوده که بر پایه آب تولید شده. بافت این کرم بسیار سبک بوده و سریع جذب پوست می‌شود. این محصول با انواع پوست سازگاری داشته و قابل استفاده برای تمامی افراد است. از ویژگی‌های بسیار مهم این کرم می‌توان به خاصیت  spf50 آن اشاره کرد که از پوست در برابر اشعه مضر آفتاب محافظت می‌کند. همچنین از ایجاد لک بر روی پوست نیز جلوگیری می‌کند. این کرم به راحتی جذب پوست شده و هیچ چربی اضافه و یا لک سفیدی روی پوست باقی نمی‌گذارد. کرم فلوئید پریم، دارای خاصیت آبرسانی به پوست بوده و با مرطوب کردن آن مانع از ایجاد خشکی و پیری زودرس در پوست می‌شود. با استفاده از این کرم علاوه بر محافظت پوست از اشعه آفتاب، باعث جوانسازی، روشن سازی و زیبایی دو چندان آن نیز می‌شوید..,skincare,https://www.khanoumi.com/products/prime-spf-50-fusion-water-sun-protector-40-ml-67588
سرم ویتامین سی پرایم مدل C-Prime حجم 30 میلی لیتر,Prime Vitamin C Serum 30ml,"591,200","739,000",بی‌شک همه ما از حساسیت بالای پوست و اهمیت مراقبت از آن اطلاع داریم؛ به همین دلیل به دنبال محصولاتی هستیم که بتوانند به نیازهای پوست ما پاسخ دهند. اگر لک‌های پوستی یا چروک‌های سطحی، مشکل پوست شماست، سرم ویتامین سی پرایم ازجمله محصولاتی است که می‌تواند به شما کمک کند. این محصول علائم پیری را کاهش داده و به روشن‌تر شدن پوست کمک می‌کند. استفاده مرتب از این سرم موجب رطوبت‌رسانی به پوست می‌شود. آنتی‌اکسیدان‌های موجود و عصاره‌های گیاهی در این محصول سبب می‌شود تا پوست سالم، شاداب و جوان‌تر به نظر برسد. این سرم پس از استفاده جذب شده و ردی روی پوست شما باقی نخواهد گذاشت. ,skincare,https://www.khanoumi.com/products/prime-vitamin-c-serum-23844
کرم آبرسان وچه مناسب پوست چرب و مستعد آکنه حجم 60 میلی لیتر,Voche Hydrating And Mattyfing Cream For Oily And Acne Prone Skin 60ml,"328,000","328,000",کرم آبرسان وچه مناسب پوست‌های چرب و مستعد آکنه در حجم 60 میلی لیتر تهیه شده تا برای مصرف روزانه مناسب باشد. این محصول دارای ترکیبات کلاژن است تا چین و چروک‌های ایجاد شده روی پوست را بهبود دهد. این محصول با تامین آب مورد نیاز پوست منجر به شادابی، طراوت و جوان ماندن پوست می‌شود. کرم آبرسان وچه مناسب پوست چرب و مستعد آکنه حاوی هیالورونیک اسید، روغن هسته انگور، عصاره گیاه بامبو، ریشه گیاه بابا آدم و عصاره مورینگا است که به تنظیم ترشح چربی پوست و محافظت از پوست در برابر آلودگی‌های محیطی کمک خواهند کرد.,skincare,https://www.khanoumi.com/products/voche-hydrating-and-mattyfing-cream-for-oily-and-acne-prone-skin-60ml-32429
سرم دور چشم د اوردینری مدل Caffeine Solution 5% حجم 30 میلی لیتر,The Ordinary Caffeine Solution 5 Percent Eye Contour 30ml,"1,096,100","1,370,130",سرم دور چشم کافئین اوردینری به دلیل داشتن مقادیر بالایی از کافئین و آنتی آکسیدان برای رفع پف و تیرگی زیر چشم کاربردی است. این سرم با ترکبیات غنی خود از پوست دربرابر عوارض ناشی از افزایش سن و یا خستگی محافظت کرده و پوست دور چشم را شاداب و با طروات می‌کند. مصرف مداوم سرم دور چشم اوردینری می‌تواند به همه کسانی که به دلیل سبک زندگی نادرست، کم خوابی ، کار زیاد با گوشی و رایانه و… دچار تیرگی و پف زیر چشم هستند، پوستی شاداب را هدیه دهد.,skincare,https://www.khanoumi.com/products/the-ordinary-caffeine-solution-5-percent-eye-contour-30ml-76018
ضد آفتاب و ضد لک لافارر پوست چرب و آکنه دار SPF 30 بی رنگ,Lafarrerr Anti Spot SPF30 Sunscreen Cream For Oily And Acne Skin,"400,350","471,000",کرم ضد آفتاب لافارر یک محصول مناسب برای پوست چرب و آکنه دار است. بافت کرم نرم و لطیف بوده و سریع جذب پوست می‌شود. یکی از مزایای اصلی این محصول ضد لک بودن آن است که باعث بهبود لک‌های موجود در سطح پوست شده و از بروز مجدد آن جلوگیری می‌کند. کرم ضد آفتاب لافارر SPF 30 یک گزینه مناسب جهت استفاده روزانه است.,skincare,https://www.khanoumi.com/products/lafarrerr-anti-spot-spf30-sunscreen-cream-for-oily-and-acne-prone-skin-25317
کرم کنترل کننده چربی و آبرسان لافارر شماره 1 مناسب پوست چرب و آکنه دار حجم 75 میلی لیتر,"Lafarrerr sebum regulating moisturizing cream for oily 
and acne prone skin 75ml ","419,050","493,000",کرم مرطوب‌کننده و آبرسان لافارر شماره 1 محصولی مناسب برای پوست‌های چرب و آکنه‌دار است. این محصول رطوبت موردنیاز پوست شما را تامین کرده و ترشح سبوم و چربی پوست را هم کنترل می‌کند. بافت این محصول سبک است و به سرعت جذب پوست می‌شود. کرم آبرسان لافارر روند پیری پوست شما را کاهش داده و باعث افزایش شادابی آن می‌شود.,skincare,https://www.khanoumi.com/products/lafarrerr-sebum-regulating-moisturizing-cream-for-oily-and-acne-prone-skin-25324
پک مراقبت از صورت ویکتوریا رز مجموعه 10 عددی,Victoria Rose Face Skin Care Pack,"167,600","419,000",نوع: ماسک ورقه‌ای,skincare,https://www.khanoumi.com/products/victoria-rose-face-skin-care-pack-79823
کرم آبرسان و مرطوب کننده لافارر مناسب پوست مختلط مدل 2 حجم 75 میلی لیتر,"Lafarrerr moisturizing cream for normal and 
combination skin 75 ml ","236,300","278,000",کرم آبرسان و مرطوب کننده شماره 2 لافارر محصولی مناسب پوست مختلط و نرمال است که رطوبت موردنیاز پوست را تأمین کرده و موجب نرمی و لطافت آن می‌شود. این محصول بافتی سبک و غیر چرب دارد بنابراین پس از استفاده احساس سنگینی روی پوست خود نخواهید داشت. این کرم حاوی عصاره‌های گیاهی است؛ به همین دلیل نه‌تنها پوست را نرم و لطیف خواهد کرد بلکه مانع از ایجاد چین و چروک روی پوست می‌شود.,skincare,https://www.khanoumi.com/products/lafarrerr-moisturizing-cream-for-normal-and-combination-skin-25323
سرم تقویت مژه سریتا مدل Eyelash Lotion حجم 8 میلی لیتر,Cerita Eyelash Lotion,"585,480","688,800",تقویت مژه سریتا مدل Teatment یکی از پرطرفدارترین و البته تاثیرگذارترین محصولات تقویت مژه است که با فرمولاسیون غنی خود به رشد و تقویت مژه‌های شما کمک می‌کند. تقویت کننده مژه سریتا مدل Eyelash Lotion ریزش تارهای مژه را کاهش داده و به پرپشت شدن آن کمک می‌کند. این سرم، مژه‌های آسیب‌دیده شما را ترمیم کرده و از خشکی و شکنندگی آن‌ها جلوگیری می‌کند. همچنین می‌توان تقویت مژه و ابرو سریتا را به طور همزمان استفاده کرد تا از مزیت‌های این محصولات بهره‌مند شد.,hair,https://www.khanoumi.com/products/cerita-eyelash-lotion-20209
سرم مو سریتا مدل Keratin حجم 120 میلی لیتر,Cerita Keratin Hair Serum 120ml,"319,040","398,800",سرم کراتین مو سریتا محصولی بسیار غنی برگرفته از کراتین ، پروتئین های هیدرولیز شده  و ویتامین ای بوده که موجب افزایش ترمیم و تقویت ساختمان مو ها می گردد. سرم کراتین مو سریتا حالت پذیری مو ها را افزایش داده و رطوبت مورد نیاز مو ها را نیز تامین می نماید. سرم کراتین مو سریتا یک تقویت کننده بسیار موثر در درمان مو های آسیب دیده ناشی از رنگ و فر بوده که با ایجاد لایه محافظ بر روی بافت مو آن را محافظت و تقویت می نماید. سرم کراتین مو سریتا موجب افزایش درخشندگی مو ها شده و وز و خشکی مو را نیز کاهش می دهد.,hair,https://www.khanoumi.com/products/cerita-karatin-hair-serum-120ml-20210
تونیک ضد ریزش مو سریتا مدل Minuta حجم 50 میلی لیتر,Cerita Minuta Anti Hair Loss Tonic 50ml,"551,040","688,800",تونیک ضد ریزش مو سریتا مدل Minuta  در حجم 50 میلی لیتر تهیه شده تا برای مصرف مرتب روزانه مناسب باشد. این محصول به دلیل ترکیبات ریحان و عصاره جو دو سر به عنوان تقویت کننده شناخته می‌شود و برای انواع مو مناسب است. تونیک ضد ریزش مو سریتا در درمان ریزش موی خانم‌ها و آقایان موثر بوده و با افزایش گردش خون مویرگی کف سر به تقویت و تغذیه ریشه مو کمک کرده و موجب رشد مجدد موها می‌شود. همچنین تونیک ضد ریزش مو سریتا در مهار و کاهش ریزش مو موثر است و باعث ترمیم موهای آسیب دیده می‌شود.,hair,https://www.khanoumi.com/products/cerita-minuta-anti-hair-loss-tonic-50ml-34039
سرم مو نئودرم مدل آرگان نوتریسل حجم 100میلی لیتر,Neuderm Nutrisol Argan Hair Serum 100ml,"312,743","312,743",سرم مو آرگان نوتریسل یک محصول مناسب برای انواع مو بخصوص موهای آسیب دیده و خشک است. این سرم توسط برند ایرانی نئودرم تولید شده و بافت سبکی دارد. یکی از ویژگی‌های اصلی این سرم مو، آرگان استفاده شده در آن است که باعث تقویت ساقه مو شده و رطوبت آن را حفظ می‌کند.,hair,https://www.khanoumi.com/products/neuderm-nutrisol-argan-hair-serum-100ml-30307
شامپو ضد ریزش و حجم دهنده سریتا مدل Minuta مناسب مو چرب حجم 200 میلی لیتر,Cerita Minuta Anti Hair Loss Volumizing Shampoo For Oily Hair 200ml,"215,040","268,800",شامپو ضد ریزش و حجم دهنده مو مینوتا مناسب موهای چرب سریتا یک شامپوی ضدریزش مؤثر است که موها، پوست سر و منافذ پوست را به طور کامل پاکسازی می‌کند و با افزایش گردش خون مویرگی و تنظیم چرخه رشد مو، ریزش موی آقایان و خانم‌ها را مهار کرده و رشد مو را تحریک می‌کند. همچنین شامپو ضد ریزش و حجم دهنده مو مینوتا مناسب موهای چرب 200میل سریتا باعث افزایش حجم و ضخامت موها می‌شود، مو و پوست سر را رطوبت‌رسانی می‌کند، میزان چربی پوست سر را تنظیم کرده، التهابات پوستی را تسکین می‌بخشد و توسط ترکیبات پپتیدی و پلی فنولی، تأثیر فراوانی در احیای مو دارد.,hair,https://www.khanoumi.com/products/cerita-minuta-anti-hair-loss-volumizing-shampoo-for-oily-hair-200ml-34040
کرم مو سریتا مدل Curly حجم 200 میلی لیتر,Cerita Curly Hair Cream 200 ml,"293,630","338,800",اگر دارای موهای فر هستید و به دنبال محصولی هستید که به مراقبت از موهای شما کمک کند، کرم موی سریتا مخصوص موی فر گزینه‌ای ایده‌آل برای شما است. این کرم مو به‌طور خاص طراحی شده است تا نیازهای تغذیه‌ای و مراقبتی موهای فر را برطرف کند. با استفاده از این کرم، موهای فر شما نرم‌تر و براق‌تر خواهند شد و حالت طبیعی خود را بهتر حفظ خواهند کرد. کرم موی سریتا با تأمین رطوبت و نرم‌کنندگی، از وزی موها کاسته و آن‌ها را خوش‌فرم‌تر می‌کند. برای تکمیل روتین مراقبت از موهایتان می‌توانید از محصولات سریتا استفاده کنید. همچنین، شامپو سریتا یکی از محصولات پرطرفدار این برند است که متناسب با جنس موهای مختلف عرضه می‌شود.  ,hair,https://www.khanoumi.com/products/cerita-curly-hair-cream-200-ml-77024
کرم گیاهی تقویت کننده ابرو سریتا حجم 20 گرم,Cerita Eyebrow Enhancer Cream,"231,040","288,800",کم پشت یا نازک شدن ابروها می‌تواند به دلایل مختلفی از جمله لوازم آرایش بی کیفیت، بالا رفتن سن، پیرایش بیش از حد ابروها، کمبود مواد مغذی یا اگزما باشد. ابروهای نازک و کم پشت سن فرد را بالاتر نشان خواهد داد. در عوض ابروی پهن و خوش فرم فرم چشم‌ها شکل گیراتری می‌دهد. یکی از راه‌های موثر درمان کم پشتی و نازکی ابروها استفاده از کرم تقویت کننده‌ی ابروی سریتا است. این کرم با افزایش خون رسانی و تغذیه فولیکول‌های ابرو، آنها را تقویت کرده و موجب افزایش ضخامت موهای ابرو می‌گردد. ترکیبات موثر موجود در این کرم مانند عصاره های گیاهی گزنه، بابونه، نعناع فلفلی و ویتامین ب5 و ب6 از ریزش مجدد ابرو جلوگیری کرده و سبب تثبیت رنگ ابروها می‌شود. همچنین در تسریع رشد ابروها اثر گذار بوده و مانع از خشکی آن می‌گردد.,hair,https://www.khanoumi.com/products/cerita-eyebrow-enhancer-cream-20207
شامپو ضد شوره پروبیوتیک مناسب موهای چرب 200میل سریتا,Cerita Oily Dandruff Shampoo 200ml,"159,040","198,800",بدون شک شوره سر را می‌توان یکی از بزرگترین مشکلات افراد دانست که شدت آن در هر شخص متفاوت است. شوره سر زیبایی و بهداشت شما را تحت تأثیر قرار داده و می‌تواند مشکلاتی مانند التهاب، خارش و ... را نیز در پی داشته باشد؛ بنابراین باید سریعاً برای رفع این مشکل اقدام شود. افرادی که شدت این مسئله در آن‌ها بسیار زیاد است باید برای درمان خود به پزشک متخصص مراجعه کرده و تحت درمان قرار بگیرند، اما برای سایر افراد با استفاده از شامپوهای ضدشوره سر و سایر محصولات مرتبط می‌توانند به راحتی آن را کنترل یا درمان کنند.,hair,https://www.khanoumi.com/products/cerita-oily-dandruff-shampoo-200ml-67283
شامپو مو نئودرم مدل آرگان نوتریسل حجم 300 میلی لیتر,Neuderm Nutrisol Argan Hair Shampoo 300ml,"112,400","112,400","شامپو نئودرم مدل نوتریسل از محصولات محبوب و پرفروش بوده که مناسب افرادی با موهای خشک و آسیب دیده است. این محصول حاوی ترکیبات موثر و مفیدی مانند روغن آرگان، ویتامین‌های A, C و E، امگا 6 و آنتی اکسیدان است. این ترکیبات کمک می‌کنند وز موهای شما از بین رفته، به خوبی آبرسانی شود و ظاهری نرم و درخشان به موهای شما ببخشد.",hair,https://www.khanoumi.com/products/neuderm-nutrisol-argan-hair-shampoo-300ml-27486
کرم نرم کننده مو لافارر حجم 250 میلی لیتر,Lafarrerr Hair Repair Cream ,"220,970","329,800",همه ما برای حفظ سلامت، براقیت و زیبایی موهایمان همیشه به دنبال انجام کارهای زیادی هستیم. داشتن یک روتین متناسب مراقبتی، نکته‌ای است که باید به آن توجه کرد. معمولا سشوار کشیدن، رنگ و دکلره، براشینگ، فر کردن، استفاده از اتوی مو و ... در طولانی مدت صدمات زیادی به موها وارد کرده و موجب ایجاد موخوره، خشکی و زبری و وزی مو می‌شود. استفاده از محصولات مراقبتی مانند روغن مو، ماسک مو،کرم مو و... در روتین شستشوی مو می‌تواند به تقویت و بهبود کیفیت مو و رفع آسیب‌های آن کمک کند. کرم ترمیم کننده مو لافارر بر پایه مواد اولیه فعال و عصاره‌های گیاهی ساخته شده و به بازسازی ساختار کراتین مو و احیای ساقه موها کمک می‌کند. این کرم مو حاوی کراتین، روغن بادام شیرین، روغن جوانه گندم، روغن زیتون، عصاره آلوئه ورا و روغن آووکادو و ویتامین‌های A، E و B بوده، در رطوبت رسانی قوی موها و ترمیم آسیب‌های مو تاثیرگذار است. این محصول مراقبتی از ایجاد شکنندگی و موخوره جلوگیری کرده، به نرم و درخشان شدن موها کمک زیادی می‌کند.,hair,https://www.khanoumi.com/products/lafarrerr-hair-repair-cream-25328
ماسک مو رطوبت رسان تاپ شاپ حاوی روغن آرگان مناسب انواع مو حجم 500 میلی لیتر,Top Shop Argan Oil Leave In Hair Mask 500ml,"218,900","298,500",موهای ما ممکن است به خاطر استفاده از مواد شوینده نامناسب دچار آسیب شده و نرمی و لطافت خود را از دست بدهد.بهتر است برای حفظ سلامتی و بازگرداندن شادابی و شفافیت موها از محصولات مراقبتی که حاوی مواد مفید و مغذی هستند استفاده کنیم. روغن آرگان یکی از مواد بسیار مغذی و پر خاصیتی است که سرشار از امگا 9 و امگا6 بوده و برای پوست و مو فواید و تاثیرات مثبت زیادی دارد و امروزه از آن در محصولات مراقبتی به وفور استفاده می‌شود و در دسترس همه قرار دارد. ماسک مو بدون نیاز به آبکشی حاوی روغن آرگان تاپ شاپ موها را آبرسانی و رطوبت رسانی کرده و با حفظ رطوبت آن به رفع خشکی و وزی مو کمک می‌نماید. این محصول با دارا بودن روغن آرگان، گلیسیرین و ویتامین E موها را به خوبی تغذیه کرده، در تقویت ساقه آن موثر است و به مو‌ها انعطاف بخشیده و از آن محافظت می‌کند. ماسک مو تاپ شاپ موجب افزایش نرمی و لطافت موها شده و به رفع الکتریسیته ساکن مو و جلوگیری از ایجاد موخورده کمک می‌نماید. ماسک مو روغن آرگان تاپ شاپ با تقویت موها در حفظ حالت ارتجاعی آن و جلوگیری از شکنندگی مو تاثیر گذار بوده و موجب ترمیم و بازسازی آن می‌شود. این محصول به افزایش براقیت و درخشندگی موها کمک کرده و بعد از استفاده نیازی به آبکشی ندارد.,hair,https://www.khanoumi.com/products/top-shop-argan-oil-leave-in-hair-mask-500ml-34883
سرم کراتین مو 60 میلی  لیتر سریتا,Cerita Keratin Hair Serum,"183,040","228,800",استفاده از سرم مو یکی از کارهای شیوه‌های مراقبتی پس از حمام است که می‌توانید برای داشتن موهایی سالم و شاداب انجام دهید. سرم مو تاثیرات مفیدی مانند افزایش براقیت، درخشندگی، نرم کنندگی، مقاومت در برابر حرارت آلودگی و حرارت و نور خورشید روی مو و حفظ سلامت آن دارد. ماده موثر و اصلی تشکیل دهنده سرم مو سیلیکون است که این ماده از موها محافظت کرده و مانع از خشکی موها می‌شود. سرم کراتین مو سریتا با ایجاد یک لایه محافظ بر روی مو به حفظ رطوبت و سلامت مو کمک می‌کند. این محصول حاوی کراتین هیدرولیزه شده، سیلیکون و ویتامینE بوده و با تغذیه موها در افزایش استحکام و بهبود حالت‌پذیری موها موثر است.کراتین موجود در این سرم به ترمیم و بازسازی ساقه موهایی که در اثر رنگ، دکلره، مواد شیمیایی مانند مواد فر، دچار آسیب، سوختگی و خشکی شدید شده است کمک می‌کند. سیلیکون این سرم موجب محافظت از موها در برابر عوامل محیطی و شیمیایی می‌شود و از خشک و وز شدن موها و ایجاد موخوره جلوگیری می‌کند. سرم کراتین مو سریتا در تثبیت رنگ مو و افزایش درخشندگی آن و همچنین از بین بردن الکتریسیته ساکن مو تاثیرگذار است. این محصول یکی از بهترین و پرطرفدارترین سرم‌های مراقبتی مو است که شما می‌توانید به راحتی آن را از فروشگاه اینترنتی خانومی تهیه کنید.,hair,https://www.khanoumi.com/products/cerita-keratin-hair-serum-20211
ماسک مو بدون آب کشی فاقد سولفات حجم 250 میلی لیتر,Top Shop Argan Oil Leave In Hair Mask 250ml,"112,900","112,900",رنگ و دکلره کردن موها به مرور زمان موها را سوخته و آسیب دیده می‌کنند. مصرف برخی داروها و یا جنس مو ممکن است زبر و خشک بوده و به سختی شانه شود. موخوره و گره موها باعث می‌شود ظاهر نازیبایی ایجاد شده و افراد احساس نارضایتی کنند. ماسک مو محصولی است که با دارا بودن مواد مفید و موثر در نرمی و لطافت مو تاثیر گذار بوده و شانه پذیری مو را آسان می‌کند. ماسک مو بدون نیاز به آبکشی روغن ارگان تاپ شاپ مناسب انواع مو به ویژه موهای آسیب پذیر و خشک بوده و باعث لطافت و نرمی موها می‌شود. این ماسک مو حاوی روغن آرگان و گلیسیرین بوده که سرشار از مواد مغذی مورد نیاز مو بوده و سبب کاهش آسیب ناشی از حرارت سشوار و مواد شیمیایی شده  و با رطوبت رسانی به ساقه مو از خشکی و شکنندگی موها جلوگیری کرده و موها را نرم و ابریشمی می‌کند. ماسک مو بدون آبکشی تاپ شاپ ضد شوره بوده و مانع از ایجاد چربی و سنگینی روی موها می‌شود. با خرید ماسک موی آرگان تاپ شاپ و مصرف مداوم آن شادابی، درخشندگی و لطافت موهای خود را تجربه کنید.  ,hair,https://www.khanoumi.com/products/top-shop-argan-oil-leave-in-hair-mask-250ml-34885
رژ لب جامد این لی مدل lead free ,Inlay lead free lipstick,"200,000","250,000",رژ لب جامد این لی مدل lead free، بافت سبک داشته و فاقد سرب است. این محصول از خشکی و پوسته پوسته شدن لب جلوگیری کرده و رطوبت رسان است. همچنین از این رژلب می‌توان برای مصرف روزانه، مهمانی و گریم تخصصی استفاده کرد. رژ لب جامد این لی مدل lead free فاقد سرب و پارابن بوده و جلوه نهایی مات و مخملی دارد.,lips-makeup,https://www.khanoumi.com/products/inlay-lipstick-17178
رژ لب مدادی نیمه مات بلک دایموند مای,my black diamond semi mat chubby stick,"145,170","170,791",رژلب، محصول آرایشی جذابی است که به خوش رنگ و لعاب شدن رنگ چهره و زیباتر شدن صورت کمک زیادی می‌کند. استفاده از رژلب برای خانم‌ها از جایگاه ویژه‌ای برخوردار است، به طوریکه حتی اگر به آرایش روزانه صورت علاقه‌ای نداشته باشند، حتما از یک رژلب با رنگی زیبا و دلنشین استفاده می‌کنند و این کار در افزایش شادابی و طراوت چهره تاثیر زیادی دارد. بهتر است رژلب‌هایی را انتخاب کنیم که در فرمولاسیونشان از مواد و ترکیبات مغذی استفاده شده باشد و مانع از آسیب به پوست لب شود. رژ لب مدادی نیمه مات بلک دایموند مای بافتی بسیار نرم و سبک دارد، بدون ایجاد سنگینی روی لب‌ها به خوبی و روان روی لب پخش شده و ظاهری یکدست، صاف و بی‌نقص با جلوه‌ای نیمه مات به وجود می‌آورد. رژلب مدادی مای رطوبت مورد نیاز پوست لب را تامین کرده، مانع از ایجاد خشکی در لب و پوسته پوسته شدن آن می‌شود و در محافظت از پوست لب تاثیرگذار است. رژلب مدادی نیمه مات مای رنگبندی متنوع و ماندگاری بالایی دارد، فاقد مواد مضر بوده و به پوست لب آسیبی وارد نمی‌کند، همچنین این محصول در افزایش نرمی و لطافت پوست لب موثر است.,lips-makeup,https://www.khanoumi.com/products/my-black-diamond-semi-mat-chubby-stick-21921
رژ لب جامد مدل Pure Color Envy آلیس,Alice Lip Stick 4G,"199,900","336,875",رژلب از جمله محصولات آرایشی پر فروش است که در دو مدل جامد و مایع در بازار موجود هستند. رژلب‌ها علاوه افزایش زیبایی لب‌ها از خشکی و ترک خوردگی آن نیز جلوگیری می‌کنند. رژ لب جامد مدل Pure Color Envy آلیس با بافت سبک و نرمی که دارد به راحتی بر روی لب پخش شده و جلوه نسبتا ماتی را به لب‌های شما می‌بخشد. رژلب آلیس حاوی ویتامین E است که از پوست لب در برابر عوامل آسیب زا محیطی محافظت می‌کند و مانع از خشکی و ترک خوردگی لب‌ها می‌شود. همچنین این محصول به واسطه دارا بودن هیالورونیک اسید موجب آبرسانی و رطوبت رسانی لب‌ها شده و در نتیجه بهترین گزینه برای لب‌های خشک و ترک خورده است.,lips-makeup,https://www.khanoumi.com/products/alice-lip-stick-4g-38152
‫رژ لب جامد مات حاوی روغن ماکادمیا و ویتامین E نوت,NOTE MATTEMOIST LIPSTICK,"384,600","430,600",رژلب‌ها محصولات آرایشی جذاب و دوست‌داشتنی هستند که خانم‌ها علاقه زیادی به استفاده از آن‌ها دارند. امروزه این محصول در شکل‌ها و مدل‌های متنوع به بازار عرضه می‌شود. بهتر است رژلبی را برای استفاده انتخاب کنیم که علاوه بر خوش رنگی، منسجم بوده و بافتی سبک و نرم داشته باشد و با رنگدانه‌های قوی خود به راحتی و کاملا یکنواخت لب را پوشش دهد. رژ لب جامد مات نوت با دارا بودن مواد مفید و مغذی مانند روغن ماکادمیا به رطوبت‌رسانی پوست کمک کرده و از خشک شدن و ترک لب‌ها جلوگیری می‌کند. این محصول به راحتی روی لب‌ها پخش شده، نمایی مات، زیبا و ماندگار بر روی آن‌ها به وجود می‌آورد و در برجسته شدن خطوط لب تاثیرگذار است. رژلب مات نوت به واسطه داشتن ویتامین E سرشار از آنتی اکسیدان بوده و به خوبی از لب‌ها در برابر عوامل مخرب محافظت می‌کند. رژلب جامد مات نوت دارای رنگ‌بندی متنوع و فاقد پارابن بوده و مورد تایید آزمایشات درماتولوژی است. از مهم‌ترین مزایای این رژلب عدم تست حیوانی آن است، به معنی اینکه در فرآیند تولید رژلب جامد مات نوت به هیچ حیوانی آسیب وارد نشده است..,lips-makeup,https://www.khanoumi.com/products/note-mattemoist-lipstick-19306
رژ لب جامد لاگونا حجم 4 گرم,Laguna Satin Creme Lipstick 4 g,"463,210","544,954",رژ لب‌های لاگونا ساخت کشور ایران است. این برند همچنین با ارائه بهترین محصولات آرایشی توانسته عملکرد خوبی را در برابر رقبا از خود به نمایش گذارد. رژ لب‌ لاگونا ظاهری نیمه مات دارد همچنین زیبایی و درخششی بی نظیر به لب‌های شما می‌بخشد.,lips-makeup,https://www.khanoumi.com/products/laguna-satin-creme-lipstick-5-g-78010
رژ لب جامد نیمه مات تروکاور مدل Velvet Matte,True Cover Matt Lipstick,"179,000","249,000",رژ لب نیمه مات از برند محبوب تروکاور با بافتی کرمی، پوششی یکدست به لب هایتان هدیه می دهد و با خاصیت تقویت کنندگی و رطوبت رسانی خود، لب هایی نرم و در نهایت با ظاهری مات و زیبا با رنگ های جذاب به لب هایتان هدیه می دهد,lips-makeup,https://www.khanoumi.com/products/true-cover-matt-lipstick-56708
رژ لب مدادی Secret Bite کالیستا,Callista Secret Bite Lip Stick ,"215,350","253,348",هیجان‌انگیزترین بخش آرایش، رژلب است که می‌تواند به یکباره حالت چهره‌ شما را تغییر دهد. در انتخاب رژلب نه تنها بافت و رنگ آن بلکه کیفیت و بی‌ضرر بودن آن نیز مورد توجه است. همیشه برای انتخاب یک رژلب، باید به سلامت مواد تشکیل دهنده‌ آن دقت کرده و از خرید رژلب‌هایی که باعث خشکی و تخریب پوست لب می‌شوند خودداری کنید. رژلب مدادی Secret Bite کالیستا بافتی سبک و لطیف و رنگدانه‌هایی غنی و پررنگ دارد و با پوشش‌دهی بالای خود ظاهری یکدست، صاف و بی‌نقص به لب‌ها می‌بخشد. رژ لب مدادی کالیستا با ماندگاری بسیار بالای خود بدون تغییر رنگ برای مدت طولانی بر روی لب باقی می‌ماند. رژ لب مدادی سکرت بایت کالیستا به تامین و حفظ رطوبت لب‌ها کمک کرده، مانع از خشک شدن و پوسته پوسته شدن آن می‌شود و در افزایش درخشندگی و حجم‌دهی به لب‌ها تاثیر مثبتی دارد. این محصول مورد تایید متخصصین پوست و فاقد پارابن و چربی بوده و در بازسازی و ترمیم بافت پوست تاثیر مثبتی دارد. قیمت رژ لب مدادی کالیستا مناسب و مقرون به صرفه بوده و شما می‌توانید آن را از فروشگاه اینترنتی خانومی سفارش دهید.,lips-makeup,https://www.khanoumi.com/products/callista-secret-bite-lip-stick-48208
مداد لب لاگونا,Laguna Lip Liner,"231,610","272,477",مداد لب از برند لاگونا ساخت کشورایران است، این محصول حاوی موم‌های مغذی جهت حفظ رطوبت لب است. همچنین مداد لب لاگونا یک مداد پیچی ویژه با تراش مخصوص در انتهای مداد آن است.,lips-makeup,https://www.khanoumi.com/products/laguna-lip-liner-78002
فلوئید ضد آفتاب الارو SPF 50 حجم 50 میلی لیتر ,Ellaro Wetforce Sunscreen Fluid Spf 50,"474,800","593,495",ضد آفتاب الارو بافت فلوئید بسیار سبک دارد که سریع جذب پوست می‌شود. این کرم تولید کشور ایران بوده و کیفیت بسیار خوب با اثر بخشی بالایی دارد. استفاده از این محصول پوست را چرب و سفید نمی‌کند و بعد از آن می‌توان در صورت نیاز از کرم پودر هم استفاده کرد. این محصول فاقد اسانس و پارابن بوده و ضد حساسیت است.,skincare,https://www.khanoumi.com/products/ellaro-wetforce-sunscreen-fluid-spf-50-67836
کرم آبرسان ژوت مدل هیدراکتیو حجم 120 میلی لیتر,Jute Hydra Active Cream,"208,870","241,000",کرم آبرسان مدل هیدراکتیو لیتر ژوت با فرمولاسیون ویژه، رطوبت مورد نیاز پوست را تامین کرده و به عمق آن نفوذ می‌کند. این کرم با ترکیبات مغذی، پوست را نرم، لطیف و درخشان می‌سازد، مناسب برای انواع پوست و ایده‌آل برای حفظ تازگی و شادابی پوست در طول روز است.,skincare,https://www.khanoumi.com/products/jute-hydra-active-cream-25265
فوم شستشوی پوست چرب اکتی ویت مناسب پوست چرب 150میل ویتالیر,Vitalayer Activit Face Foaming Wash For Oily Skins 150ml,"239,700","239,700",فوم شستشو یکی از انواع محصولات پاک‌کننده و شوینده پوست صورت است و به خاطر کاربرد آسانی و قدرت پاک‌کنندگی بالایی که دارد از محبوبیت زیادی برخوردار است. فوم شستشوی اکتی‌ویت ویتالیر پاک‌کننده فیزیولوژیک برای پوست چرب و مختلط بوده و برای استفاده روزانه جهت پاکسازی آرایش، آلودگی‌ها و چربی‌های اضافه روی آن گزینه مناسبی به شمار می‌رود. این محصول با دارا بودن تکنولوژی پمپی و براش نرم سیلیکونی به خوبی پوست را ماساژ داده، این کار گردش خون مویرگی پوست را بیشتر کرده و در افزایش شفافیت و روشن‌تر شدن آن تاثیر مثبتی خواهد داشت. عصاره آلوئه‌ورا و دکسپانتنول موجود در ترکیبات فوم شستشوی صورت ویتالیر پوست چرب سبب تامین و حفظ رطوبت پوست شده و به نرم و لطیف شدن آن کمک می‌نماید. این فوم شستشو به خاطر وجود ویتامین C سرشار از خاصیت آنتی‌اکسیدان بوده، به خوبی از پوست در برابر تاثیرات منفی رادیکال‌های آزاد و عوامل مخرب محیطی محافظت می‌کند و روند بروز پیری زودرس در آن را به تعویق می‌اندازد. ویتامین سی با افزایش کلاژن‌سازی در پوست باعث بهبود انعطاف‌پذیری و قوام آن شده و به جوانسازی آن کمک می‌کند. فوم شستشو ویتالیر به واسطه داشتن روغن درخت چای ترشح چربی پوست را کنترل و تنظیم کرده، برای کاهش منافذ باز آن مفید واقع می‌شود و مانع ایجاد جوش و آکنه روی پوست خواهد شد. فوم شستشوی پوست ویتالیر سبز فاقد پارابن مواد صابونی بوده و از بروز خشکی، حساسیت و تحریکات در پوست جلوگیری به عمل می‌آورد.,skincare,https://www.khanoumi.com/products/vitalayer-activit-face-foaming-wash-for-oily-skins-150ml-51916
کرم ژل مرطوب کننده آردن مناسب پوست چرب و آسیب دیده حجم 40 میلی لیتر,Ardene Sebuma Moisturizing For Oily And Damaged Skin 40ml,"355,000","355,000",کرم مرطوب کننده سبوما آردن با بافت سبک و ژلی خود به خوبی جذب پوست شده و روی آن ایجاد چربی و سنگینی نمی‌کند. این محصول به واسطه دارا بودن هیالورونیک اسید موجب آبرسانی قوی و حفظ رطوبت پوست شده و در افزایش نرمی و لطافت آن تاثیر مثبتی دارد. کرم ژل سبوما آردن مرطوب کننده قوی پوست است و به رفع خشکی و زبری آن کمک می‌کند. این محصول موجب تنظیم و کنترل ترشح چربی پوست شده و از ایجاد جوش و آکنه روی آن جلوگیری می‌نماید. عصاره آلوئه‌ورا موجود در کرم سبوما به تقویت ساختار پوست کمک می‌کند و در ترمیم و بازسازی لایه محافظ آن موثر است. این کرم به خاطر وجود آلوئه‌ورا از خاصیت آنتی‌باکتریال و ضدالتهاب برخوردار بوده و در تسکین و التیام خارش و تحریکات پوست نقش بسزایی دارد. کرم ژل مرطوب کننده و بازسازی کننده سبوما به کاهش براقیت پوست کمک کرده و در ایجاد جلوه‌ای مات روی آن موثر عمل می‌کند. کرم ژل سبوما آردن برای استفاده در زمان درمان پوست هم مناسب بوده و از خشک شدن آن جلوگیری می‌کند. این محصول فاقد پارابن، الکل، چربی و رنگ بوده و مانع بروز حساسیت روی پوست می‌شود.,skincare,https://www.khanoumi.com/products/ardene-sebuma-sebuvise-moisturizing-and-repairing-cream-gel-for-oily-and-damaged-skin-40ml-34746
ضد آفتاب بژ طبیعی جوان کننده اس پی اف 50 پرایم,prime tinted rejuvenating sunscreen cream,"303,200","379,000",برای داشتن پوستی سالم، جوان و باطراوت شما باید به خوبی از پوست خود مراقبت کنید. یکی از اصلی‌ترین عواملی که می‌تواند به پوست شما آسیب برساند، نور خورشید است. نور خورشید دارای اشعه‌های مضری است که می‌تواند مشکلاتی مانند لک، چروک، تیرگی، سوختگی و حتی سرطان را برای شما به همراه داشته باشد. برای پیشگیری از بروز این قبیل مشکلات تنها کافی است استفاده از ضد آفتاب را در روتین روزمره خود قرار دهید. ضد آفتاب‌ها همانند یک لایه محافظ عمل کرده و از پوست شما محافظت می‌کنند.,skincare,https://www.khanoumi.com/products/prime-tinted-rejuvenating-sunscreen-cream-18530
کرم ژل ضد آفتاب ساین اسکین مدل Synshield با SPF50 مناسب پوست چرب آقایان حجم 50 میلی لیتر ,Syn Skin Syn Shield Invisible Sun Screen Cream Gel For Men Spf50,"294,130","339,380",کرم ژل ضدآفتاب ساین شیلد، 50SPF مناسب آقایان بوده و با حجم 50 میلی لیتر برای مصرف روزانه مناسب است. این محصول علاوه بر محافظت از پوست در برابر اشعه‌های مضر خورشید از ایجاد حساسیت و آلرژی روی پوست جلوگیری می‌کند. کرم ژل ضدآفتاب ساین شیلد، فاقد چربی است و با حفظ رطوبت، مانع از پیری زودرس پوست می‌شود.,skincare,https://www.khanoumi.com/products/syn-skin-syn-shield-invisible-sun-screen-cream-gel-for-men-spf50-28027
ژل شستشوی صورت هیدرودرم مدل Acne Wash مناسب پوست چرب حجم 150 میلی لیتر,Hydroderm Oily Skin Wash skin Gel 150ml,"97,700","122,130",ژل شستشو صورت هیدرودرم یک محصول مناسب برای افراد دارای پوست چرب است. این ژل شستشو ضمن پاکسازی پوست، به کنترل چربی و مهار جوش و آکنه هم کمک شایانی می‌کند. این ژل چربی اضافی، آلودگی‌ها و محصولات آرایشی را به خوبی از منافذ پوست شما پاک کرده و به افزایش کیفیت آن کمک می‌کند.,skincare,https://www.khanoumi.com/products/hydroderm-acne-wash-18589
کرم ضد آفتاب بی رنگ ژنوبایوتیک مدل Sunogen با SPF50 مناسب پوست چرب و مختلط حجم 50 میلی لیتر,Genobiotic Colorless SunoGen Sunscreen Cream for oily  Skin SPF50 50g,"295,040","368,800",نور خورشید اگرچه فوایدی برای بدن دارد و باعث تقویت سیستم ایمنی می‌شود، درعین حال قرار گرفتن مستمر در معرض نور آفتاب باعث ایجاد آفتاب‌سوختگی،  لک و چین و چروک‌هایی در سطح پوست می‌شود که باید برای پیشگیری از هر گونه آسیب جدی به پوست از ضد آفتاب‌های مناسب آن استفاده کنیم. قرار گرفتن در معرض نور خورشید به مدت طولانی باعث می‌شود سلول‌های سطحی پوست آسیب ببنند.بنابراین کرم‌های ضد آفتاب و استفاده‌ی مداوم از آن‌‌ها به حفظ سلامت و زیبایی پوست کمک شایانی کرده و در به تعویق انداختن پیری پوست بسیار موثر است. ضد افتاب‌ها به پوست کمک میکنند تا بروز علائم پیری به تعویق بیفتد.  کرم ضد آفتاب پوست چرب سانوژن بی رنگ ژنو بایوتیک نقش موثری در مهار اشعه مضر خورشید داشته و با فرمولاسیون منحصر به فرد خود مانع ایجاد جوش و آکنه می‌گردد. این محصول مخصوص پوست‌های چرب طراحی شده و فاقد چربی است. بافت سبکی داشته و به سرعت جذب پوست می‌شود و اثری از چربی و سنگینی روی پوست ایجاد نمی‌کند. این محصول با حفظ رطوبت پوست مانع از پیری زودرس شده و ضد التهاب است. ضد آفتاب پوست چرب ژنوبایوتیک مانع از بروز لک‌های پوستی شده غیر کمدون‌زاست.,skincare,https://www.khanoumi.com/products/genobiotic-colorless-sunogen-sunscreen-cream-for-oily--skin-spf50-50g-67984
کرم ضد آفتاب رنگی الارو با SPF30 مناسب انواع پوست حجم 40 میلی لیتر,Ellaro SunScreen Cream Oil free SPF 30,"530,190","593,495",کرم ضد آفتاب پودری الارو، محصول مناسب برای پوست چرب و مستعد آکنه است. به دلیل دارا بودن سیلیکون سبب ایجاد حس ابریشمی و مات می‌شود به طوری که بعد از استفاده هیچ چربی روی پوست باقی نمی‌گذارد. این ضد آفتاب از برند الارو دارای خاصیت لایه برداری ملایم است و به مرور زمان باعث کم شدن لک بر روی پوست شما می‌شود.,skincare,https://www.khanoumi.com/products/ellaro-sunscreen-cream-oil-free-spf-30-256
ماسک صورت کرمی هیدرودرم مدل لایه بردار AHA حجم 100 میلی لیتر,Hydroderm AHA Clay Mask 100ml ,"236,800","296,000",از آن‌جایی که پوست، حساسیت زیادی دارد و سلامت آن در زیبایی ما به خصوص صورتمان بسیار تاثیرگذار است، باید با رسیدگی و مراقبت درست در حفظ سلامت، جوانی و شادابی پوست تلاش کنیم. خاک رس ماده‌ای طبیعی و در عین حال بسیار پرخاصیت است که با پاکسازی عمیق و تقویت پوست در جوانسازی و زیباتر شدن آن موثر است. امروزه استفاده از ماسک‌هایی که دارای خاک رس هستند رواج پیدا کرده است. ماسک صورت رسی لایه‌بردار آ اچ آ هیدرودرم، با لایه‌برداری طبیعی و ملایم پوست، موجب از بین رفتن لایه شاخی و سلول‌های مرده و پاکسازی عمیق منافذ پوست می‌شود. این محصول حاوی خاک رس، اسیدهای طبیعی میوه و اسید سالیسیلیک بوده به جمع شدن منافذ باز پوست، کاهش تیرگی و لک‌های قهوه‌ای و کاهش چربی سطح پوست کمک می‌کند. ماسک صورت رسی لایه بردار آ اچ آ هیدرودرم ضد آلودگی، شفاف‌کننده و روشن‌کننده پوست است و در یکنواخت شدن رنگ چهره تاثیرگذار است. یکی از خواص خاک رس از بین بردن چربی اضافه پوست و متعادل سازی ترشح آن است. قیمت ماسک صورت رسی لایه‌بردار آ اچ آ 100 میل هیدرودرم، بسیار مناسب است ,skincare,https://www.khanoumi.com/products/hydroderm-aha-clay-mask-100ml-26808
تونر لافارر مدل مولتی اکتیو 2 مناسب پوست خشک و حساس حجم 170 میلی لیتر,Lafarrerr Toner Multi Active 2 For Dry And Sensitive Skin 170ml,"216,100","216,100",تونر پوست خشک و حساس لافارر محصولی مناسب برای استفاده روزانه است که به خوبی آلودگی‌ها و مواد آرایشی باقیمانده را پاک کرده و منافذ شما را تمیز می‌کند. این محصول دارای خاصیت رطوبت‌رسانی است و پس از استفاده شما احساس خشکی روی پوست خود نخواهید داشت. ترکیبات موثر این محصول به شما برای داشتن پوستی شاداب و لطیف کمک می‌کند.,skincare,https://www.khanoumi.com/products/lafarrerr-toner-multi-active-2-for-dry-and-sensitive-skin-170ml-37809
ضد آفتاب رنگی پرایم مدل Oil Free با SPF60 مناسب پوست چرب حجم 40 میلی لیتر,Prime SPF60 Tinted Oil Free Sunscreen Cream,"292,000","365,000",ضد آفتاب یکی از محصولات مراقبت پوست است که استفاده از آن برای تمامی افراد ضروری است. ضد آفتاب‌ها همانند یک لایه محافظ عمل کرده و از پوست شما دربرابر اشعه‌های مضر خورشید محافظت می‌کنند. دقت داشته باشید که هنگام خرید این محصول باید نیازهای پوست خود را تشخیص داده و گزینه‌ای مناسب را خریداری کنید. برای مثال، اگر به دنبال محصولی هستید که احساس چربی و سنگینی روی پوست شما ایجاد نکند و به دلیل داشتن رنگدانه سطح پوست شما را یکدست کند، ضد آفتاب کرم پودری فاقد چربی پریم گزینه‌ای مناسب برای شماست.,skincare,https://www.khanoumi.com/products/prime-spf-60-tinted-sunscreen-cream-18533
رژ لب مات استی مت بلک دایموند مای,my diamond stay matte lipstick,"213,610","251,300",رژلب یکی از قدیمی‌ترین و در عین حال جذاب‌ترین لوازم آرایشی است که خانم‌ها علاقه زیادی به استفاده از آن دارند. وقتی از یک رژلب با رنگ متناسب با پوستمان استفاده می‌کنیم می‌توانیم تاثیر آن را در سرحال شدن چهره و متعادل‌تر شدن رنگ پوستمان حتی بدون استفاده از هیچ ماده آرایشی دیگری ببنیم. این محصول جذاب به افزایش زیبایی لب‌ها،  فرم دادن و برجسته کردن آن‌ها کمک زیادی می‌کند. رژ لب مات استی مت بلک دایموند مای فرمولاسیونی منحصر به فرد دارد و با بافت نرم و مخملی خود پوشش کاملی روی لب‌ها ایجاد می‌کند. رژلب مات بلک دایموند به حفظ رطوبت لب‌ها کمک کرده و مانع از خشکی و پوسته پوسته شدن آن‌ها می‌شود. این محصول دوام و ماندگاری بالایی دارد و در طول روز طراوت و شادابی پوست لب‌‌ها را حفظ می‌کند. رژ لب استی مت بلک دایموند رنگدانه‌هایی قوی و غنی دارد، روی لب‌ها حس سنگینی ایجاد نمی‌کند و نمایی مات، جذاب و برجسته به آن‌ها می‌بخشد. ,lips-makeup,https://www.khanoumi.com/products/my-diamond-stay-matte-lipstick-19733
رژ لب جامد نوت مدل Deep Impack وزن 4.5 گرم ,Note Deep Impack Lipstick,"325,090","382,459",بی‌تردید رژلب پرکاربردترین و پرطرفدارترین محصول آرایشی است که تمامی بانوان آن را خریداری کرده و از آن به صورت روزانه استفاده می‌کنند. به دلیل اینکه رژلب می‌تواند ازطریق دهان وارد بدن شود، انتخاب یک رژلب مناسب از اهمیت بسیاری برخوردار است. رژلب دیپ ایمپکت نوت به نرمی روی لب قرار گرفته و نمایی براق دارد. این رژلب دارای ویتامین E بوده و به دلیل داشتن خاصیت آنتی اکسیدانی به تقویت پوست لب کمک می‌کند. این محصول فاقد پارابن بوده و به دلیل استفاده از مواد مرغوب در ترکیبات آن، سلامت پوست لب شما تا حد زیادی تأمین می‌شود.,lips-makeup,https://www.khanoumi.com/products/note-deep-impack-lipstick-71233
رژ لب مایع دارای اکلیل این لی,inlay extreme lip shine,"200,000","250,000",رژلب مایع این لی، با به کارگیری از مواد مرغوب مرطوب کننده، موجب حفظ شادابی و طراوت لب های شما می شود. این رژ بدون ایجاد چسبندگی درخشش ملایم و زیبایی به لب هایتان هدیه خواهد داد,lips-makeup,https://www.khanoumi.com/products/inlay-extreme-lip-shine-17182
لاک لب حجم 6میل مارال,Maral Lip Shine 6ml,"42,500","50,000",یکی از پرمصرف‌ترین لوازم آرایش در میان خانم‌ها، رژلب‌ها هستند. لاک لب‌، شبیه یک مداد رنگی با ماندگاری بالا است. درواقع این محصول، ظاهری بسیار طبیعی به لب می‌بخشد. لاک لب مارال، دارای بافتی بسیار لطیف همراه با پوشش‌دهی یکسان است. استفاده از این محصول، سبب مرطوب شدن لب‌هامی‌شود. لاک لب مارال، علاوه بر اینکه از ماندگاری بسیار بالایی برخوردار بوده، سبب افزایش گردش خون در لب‌ها می‌شود.,lips-makeup,https://www.khanoumi.com/products/maral-lip-shine-6ml-74967
‫رژ لب جامد مغذی نوت,NOTE ULTRA RICH COLOR LIPSTICK,"320,710","359,080",رژلب نوت به شکل جامد طراحی شده و با بافت نرم و کرمی خود به راحتی روی لب پخش شده و جلوه‌ای طبیعی، یکدست و زیبا در آن به وجود می‌آورد. این محصول به سرعت جذب پوست لب شده، اثری از چربی، سنگینی و چسبندگی روی آن به جا نمی‌گذارد. رژلب جامد نوت با دارا بودن کره کاکائو و روغن آرگان موجب آبرسانی پوست لب شده و در افزایش نرمی و لطافت آن نقش بسزایی دارد. این محصول به واسطه فرمولاسیون خود مغذی بافت پوست لب بوده، از بروز خشکی و پوسته پوسته شدن در آن جلوگیری کرده و برای ترمیم و بازسازی آن هم مفید واقع می‌شود. رژلب مغذی نوت به پر شدن خطوط لب کمک کرده و باعث حجیم به نظر رسیدن آن خواهد شد. این محصول مورد تایید متخصصین پوست و فاقد پارابن بوده و مانع بروز حساسیت و تحریکات پوستی می‌شود. رژلب جامد مغذی نوت از ماندگاری بالا و تنوع رنگی برخوردار بوده و با پوشانندگی خوبی که دارد در افزایش جذابیت و زیبایی چهره تاثیرگذار است. ویتامینE موجود در ترکیبات این محصول با خاصیت آنتی‌اکسیدانی خود به خوبی از لب‌ها در مقابل تاثیرات منفی رادیکال‌های آزاد و عوامل مخرب محیطی محافظت کرده و مانع بروز چین و چروک روی آن‌ها می‌شود. خرید اینترنتی رژلب جامد مغذی نوت از فروشگاه خانومی فرآیندی سریع و مطمئن است.,lips-makeup,https://www.khanoumi.com/products/note-ultra-rich-color-lipstick-19307
رژ لب مایع لاگونا حجم 6 گرم ,Laguna Liquid Lipstick 6 g,"463,210","544,954",رژ لب مایع مات لاگونا یک محصول مناسب برای تمام بانوان است. این رژ لب پیگمنت‌ بسیار قوی دارد که راحت روی لب کشیده می‌شود. جلوه نهایی این رژلب مایع لاگونا کاملا مات بوده و چسبندگی بر روی لب ایجاد نمی‌کند.,lips-makeup,https://www.khanoumi.com/products/laguna-liquid-lipstick-6-g-78009
رژ لب اس پی اف 10 این لی,Inlay Spf10 Lipstick ,"216,000","270,000",رژلب مرغوب و با کیفیت باید بافتی نرم، سبک و ماندگاری بالایی داشته باشد و روی لب‌ها ایجاد حس سنگینی و چربی نکند. منظور از ماندگاری خوب این است که هنگام نوشیدن آب یا چای اثری از رنگ رژلب روی لیوان بر جای نماند. بهتر است بدانید پوست لب‌ها هم مانند پوست صورت باید در مقابل آفتاب و اشعه‌های مضر آن محافظت شود، پس چه بهتر که از رژلب‌هایی که حاوی SPF هستند بر روی لب‌هایتان استفاده کنید. رژلب اس پی اف 10 این‌لی با رنگدانه‌های غنی و قوی خود پوششی کامل و یکنواخت بر روی لب به وجود آورده و جلوه‌ای زیبا و طبیعی به آن می‌بخشد. این محصول حاوی روغن کرچک و موم طبیعی بوده، به تامین و حفظ رطوبت لب‌ها کمک می‌کند و مانع از خشکی و ترک خوردن آن‌ها می‌شود. رژلب این‌لی پوست لب را به خوبی آبرسانی کرده، به واسطه دارا بودن SPF10 از آن در برابر نور خورشید و اشعه‌‌های مضر آن محافظت می‌نماید و از پیری پوست لب جلوگیری می‌کند. رژلب اس پی‌اف دار این‌لی فاقد پارابن و سرب بوده، مانع آسیب رسیدن به بدن و بروز حساسیت روی لب می‌شود و با ماندگاری بالای خود در حفظ سلامت لب‌ها تاثیر مثبتی دارد.,lips-makeup,https://www.khanoumi.com/products/inlay-spf15-lipstick-28473
رژ لب جامد مت اور نوت,Note Mattever LipStick,"294,010","345,894",رژ لب، یکی از محصولات آرایشی پرطرفدار و بسیار محبوب در بین خانم‌ها است. بیشتر بانوان در طول روز از رژ لب استفاده می‌کنند. این محصول آرایشی به تنهایی می‌تواند تاثیر بسیار زیادی در شادابی و زیبایی دو چندان صورت داشته باشد. مصرف یک رژ لب خوب و باکیفیت علاوه بر این‌که باعث زیبایی چهره می‌شود، نقش بسیار مهمی در حفظ سلامت لب و مرطوب نگه‌داشتن آن نیز دارد. رژ لب جامد مت اور، یک محصول مناسب برای تمام بانوان است که توسط برند بسیار خوب نوت تولید و به بازار عرضه شده است. این محصول فرمولاسیون بسیار سبک و نرمی دارد که به راحتی روی لب کشیده می‌شود. همچنین این محصول به دلیل دارا بودن روغن آرگان و ویتامین ای، باعث ویتامین رسانی به لب‌ها می‌شود و لب‌هایی مرطوب، زیبا و بدون خشکی را برای شما به ارمغان می‌آورد. از دیگر مزایای بسیار مهم این محصول می‌توان به ماندگاری بسیار بالایی آن اشاره کرد که تمام روز بدون هیچ مشکلی بر روی لب باقی می‌ماند. رژ لب جامد نوت رنگبندی متنوعی دارد و شما می‌توانید بر اساس رنگ پوست و سلیقه خود از آن استفاده کنید.,lips-makeup,https://www.khanoumi.com/products/note-mattever-lipstick-71467
برق لب کیتی مدل LC618 ارسال با رنگ رندوم متفرقه,Lip Gloss Code Lc618,"79,000","90,000",برق لب یا لیپ گلاس رژلب‌های بی‌رنگی هستند که سبب حجم دهی به لب‌ها شده و آن را درخشان و براق نشان می‌دهند. برق لب کیتی باعث می‌شود خشکی و ترک بافت لب محو شده، لب‌ها با یک شاین ملایم، زیبا و خوش حالت شوند. این برق لب بافت لب را نرم و لطیف کرده و جلوه‌ای خاص به آن می‌دهد. این محصول را می‌توانید بعد از رژلب و به عنوان آخرین مرحله آرایش لب بکار برده  و یا به تنهایی بر روی لب‌ها استفاده کنید.,lips-makeup,https://www.khanoumi.com/products/lip-gloss-code-lc618-68134
رژ لب جامد سیگنیچر مدل Matte Velvet حجم 4 گرم,Signature Matte Velvet Lip Stick,"199,000","231,250",دارای بافت نرم و سبک,lips-makeup,https://www.khanoumi.com/products/signature-matte-velvet-lip-stick-77670
رژ لب مدادی نیمه مات چابی بلک دایموند مای,my semi matt chubby stick,"144,330","169,800",رژلب یکی از جذاب‌ترین لوازم آرایشی است که استفاده از آن از گذشته در بین خانم‌ها بسیار رایج بوده و از محبوبیت بسیاری برخوردار است. رژ لب مدادی نیمه مات چابی بلک دایموند مای با رنگبندی متنوع و بافت سبکی که دارد بهترین گزینه برای آرایش لب است. بافت این رژلب بسیار نرم و لطیف بوده و که براحتی بر روی پوست لب پخش می‌شود و پوششی یکدست و مات بر روی لب ایجاد می‌کند. در ترکیبات این محصول از ترکیبات مرطوب کننده استفاده شده است که از خشکی و پوسته پوسته شدن لب جلوگیری می‌کند. استفاده از این محصول بسیار راحت بوده و پس از استفاده سنگینی بر روی لب باقی نمی‌گذارد.,lips-makeup,https://www.khanoumi.com/products/my-semi-matt-chubby-stick-19761
رژلب جامد سری بلک دایموند مدل ستین لوکس مای مجموعه 3 عددی,My Black Diamond Satin Luxe Lipstick 3Pcs Pack,"630,410","741,660",این پک شامل رژلب جامد مای سری بلک دایموند مدل ستین لوکس در سه رنگ SL02، SL03 و SL06 است.,lips-makeup,https://www.khanoumi.com/products/my-black-diamond-satin-luxe-lipstick-3pcs-pack-76690
کرم ضد آفتاب و ضد لک بی رنگ لافارر مدل SPF30 مناسب پوست نرمال و خشک حجم 40 میلی لیتر,Lafarrerr Anti  Spot Sunscreen for Normal to Dry Skin ,"471,650","471,650",کرم ضد آفتاب بی رنگ لافارر یک محصول مناسب برای پوست نرمال و خشک است. این کرم بافت سبکی دارد و سریع جذب پوست می‌شود. پوست را سفید نمی‌کند و ظاهر مات دارد. با استفاده از این ضد آفتاب پوست در برابر اشعه مضر آفتاب محافظت شده و از ایجاد چروک در آن جلوگیری می‌شود.,skincare,https://www.khanoumi.com/products/lafarrerr-anti--spot-sunscreen-for-normal-to-dry-skin-25320
فلوئید ضد آفتاب الارو SPF 50 حجم 50 میلی لیتر ,Ellaro Wetforce Sunscreen Fluid Spf 50,"326,420","593,495",ضد آفتاب الارو بافت فلوئید بسیار سبک دارد که سریع جذب پوست می‌شود. این کرم تولید کشور ایران بوده و کیفیت بسیار خوب با اثر بخشی بالایی دارد. استفاده از این محصول پوست را چرب و سفید نمی‌کند و بعد از آن می‌توان در صورت نیاز از کرم پودر هم استفاده کرد. این محصول فاقد اسانس و پارابن بوده و ضد حساسیت است.,skincare,https://www.khanoumi.com/products/ellaro-wetforce-sunscreen-fluid-spf-50-67836
اسپری ضد جوش بدن Salicyl 2 سبوما 250میل آردن,Ardene Sebuma Salicyl 2 Anti Acne Spray For Back And Body 250ml,"307,450","559,000",برخی افراد علاوه بر جوش صورت در نواحی دیگر بدن از جمله بازوها، قفسه سینه و پشت بدن نیز دچار جوش و آکنه می‌شوند. جوش صورت و بدن گاه ایجاد خارش و قرمزی کرده و موجب التهاب می‌گردد. اسپری ضد جوش بدن سبوما آردن، در رفع و جلوگیری از بروز جوش بر روی پوست بدن و صورت موثر بوده و قرمزی و التهاب ناشی از آکنه را بهبود می‌بخشد. این محصول حاوی اسید سالیسیلیک بوده که از ایجاد جوش روی پوست سینه، بازو، شانه و گردن جلوگیری کرده و به تنظیم ترشح چربی کمک می‌کند. این محصول با لایه برداری طبیعی از لایه شاخی پوست در مهار رشد و تکثیر باکتریهای مولد جوش موثر بوده و روشن کننده و یکدست کننده سطح پوست است. اسپری ضد جوش سبوما از ایجاد خارش و چسبندگی جلوگیری کرده و از پوست در برابر رادیکال‌های آزاد محافظت می‌کند. ,skincare,https://www.khanoumi.com/products/ardene-sebuma-salicyl-2-anti-acne-spray-for-back-and-body-250ml-34749
کرم ضد آفتاب بی رنگ سینره مدل Oil Free با +SPF50 مناسب پوست چرب حجم 50 میلی لیتر,Cinere SPF50 Sunscreen Cream,"264,000","330,000",اگر دارای پوست چرب هستید و به دنبال یک ضد آفتاب بدون چربی می‌گردید، ضد آفتاب بی رنگ سینره گزینه‌ای مناسب برای شماست. این ضد آفتاب همانند یک لایه محافظ عمل کرده و از پوست دربرابر اشعه‌های UVA و UVB و رادیکال‌های آزادمحافظت می‌کند. این کرم فاقد چربی است و پس از استفاده ظاهری مات به پوست شما خواهد بخشید. بافت ضد آفتاب سینره سبک است؛ بنابراین شما می‌توانید به صورت روزانه از این محصول استفاده کنید.,skincare,https://www.khanoumi.com/products/cinere-spf50-sunscreen-cream-24329
ضد آفتاب بژ طبیعی جوان کننده اس پی اف 50 پرایم,prime tinted rejuvenating sunscreen cream,"265,300","379,000",برای داشتن پوستی سالم، جوان و باطراوت شما باید به خوبی از پوست خود مراقبت کنید. یکی از اصلی‌ترین عواملی که می‌تواند به پوست شما آسیب برساند، نور خورشید است. نور خورشید دارای اشعه‌های مضری است که می‌تواند مشکلاتی مانند لک، چروک، تیرگی، سوختگی و حتی سرطان را برای شما به همراه داشته باشد. برای پیشگیری از بروز این قبیل مشکلات تنها کافی است استفاده از ضد آفتاب را در روتین روزمره خود قرار دهید. ضد آفتاب‌ها همانند یک لایه محافظ عمل کرده و از پوست شما محافظت می‌کنند.,skincare,https://www.khanoumi.com/products/prime-tinted-rejuvenating-sunscreen-cream-18530
کرم مرطوب کننده نئودرم مدل Optimal Hydrosense حجم 150 میلی لیتر,Neuderm Optimal Hydrosense Hydrating Cream 150ml,"59,340","118,678",کرم مرطوب‌کننده نئودرم یک آبرسان قوی با جذب سریع و بافت سبک است. این محصول رطوبت موردنیاز پوست را به خوبی تامین کرده و از خشکی و التهابات پوستی جلوگیری می‌کند. این محصول متناسب با نیازهای پوست نرمال و خشک تهیه شده و به نرمی و لطافت آن‌ها کمک می‌کند. ترکیبات موثر این محصول موجب جوانی و کاهش علائم پیری پوست هم می‌شود.,skincare,https://www.khanoumi.com/products/neuderm-optimal-hydrosense-hydrating-cream-150ml-30304
ژل شستشوی صورت هیدرودرم مدل Acne Wash مناسب پوست چرب حجم 150 میلی لیتر,Hydroderm Oily Skin Wash skin Gel 150ml,"61,070","122,130",ژل شستشو صورت هیدرودرم یک محصول مناسب برای افراد دارای پوست چرب است. این ژل شستشو ضمن پاکسازی پوست، به کنترل چربی و مهار جوش و آکنه هم کمک شایانی می‌کند. این ژل چربی اضافی، آلودگی‌ها و محصولات آرایشی را به خوبی از منافذ پوست شما پاک کرده و به افزایش کیفیت آن کمک می‌کند.,skincare,https://www.khanoumi.com/products/hydroderm-acne-wash-18589
کرم ضد آفتاب بی رنگ ژنوبایوتیک مدل Sunogen با SPF50 مناسب پوست چرب و مختلط حجم 50 میلی لیتر,Genobiotic Colorless SunoGen Sunscreen Cream for oily  Skin SPF50 50g,"258,160","368,800",نور خورشید اگرچه فوایدی برای بدن دارد و باعث تقویت سیستم ایمنی می‌شود، درعین حال قرار گرفتن مستمر در معرض نور آفتاب باعث ایجاد آفتاب‌سوختگی،  لک و چین و چروک‌هایی در سطح پوست می‌شود که باید برای پیشگیری از هر گونه آسیب جدی به پوست از ضد آفتاب‌های مناسب آن استفاده کنیم. قرار گرفتن در معرض نور خورشید به مدت طولانی باعث می‌شود سلول‌های سطحی پوست آسیب ببنند.بنابراین کرم‌های ضد آفتاب و استفاده‌ی مداوم از آن‌‌ها به حفظ سلامت و زیبایی پوست کمک شایانی کرده و در به تعویق انداختن پیری پوست بسیار موثر است. ضد افتاب‌ها به پوست کمک میکنند تا بروز علائم پیری به تعویق بیفتد.  کرم ضد آفتاب پوست چرب سانوژن بی رنگ ژنو بایوتیک نقش موثری در مهار اشعه مضر خورشید داشته و با فرمولاسیون منحصر به فرد خود مانع ایجاد جوش و آکنه می‌گردد. این محصول مخصوص پوست‌های چرب طراحی شده و فاقد چربی است. بافت سبکی داشته و به سرعت جذب پوست می‌شود و اثری از چربی و سنگینی روی پوست ایجاد نمی‌کند. این محصول با حفظ رطوبت پوست مانع از پیری زودرس شده و ضد التهاب است. ضد آفتاب پوست چرب ژنوبایوتیک مانع از بروز لک‌های پوستی شده غیر کمدون‌زاست.,skincare,https://www.khanoumi.com/products/genobiotic-colorless-sunogen-sunscreen-cream-for-oily--skin-spf50-50g-67984
کرم نرم و مرطوب کننده ثمین حاوی اوسرین و اوره 10درصد,SAMIN UREA 10% EMOLIENT CREAM,"96,850","149,000",کرم نرم و مرطوب کننده اوسرین و اوره 10% ثمین، مناسب پوست‌های خشک و حساس است. این کرم با ترکیبات اوسرین و اوره، رطوبت پوست را حفظ کرده و به تجدید سلول‌های پوستی کمک می‌کند. استفاده منظم از آن، پوست را نرم، مرطوب و سالم نگه می‌دارد.,skincare,https://www.khanoumi.com/products/samin-urea-10-emolient-cream-21243
رژ لب گلامور شاین حاوی روغن جوجوبا و ویتامین  کالیستا,callista glamor shine lipstick,"156,400","184,000",رژلب کالیستا بافتی نرم و روان داشته، به راحتی روی لب پخش می‌شود و پوششی یکدست و کامل روی آن به وجود می‌آورد. این محصول از رنگبندی زیبا، متنوع و کاربردی برخوردار بوده و همه خانم‌ها با هر سلیقه‌ای را راضی نگه می‌دارد. رژلب گلامور ساین کالیستا به شکل جامد طراحی شده و جلوه‌ای براق و درخشان روی لب ایجاد می‌کند. این محصول با رنگدانه‌های قوی و غنی خود به خوبی لب را کاور کرده و ماندگاری خوب و مناسبی دارد. رژلب جامد کالیستا به واسطه داشتن ویتامینB5 روغن جوجوبا پوست لب‌ها را مرطوب ساخته و در افزایش نرمی و لطافت آن نقش بسزایی ایفا می‌کند. این محصول با تامین و حفظ رطوبت لب مانع بروز خشکی، پوسته پوستگی و ترک روی آن خواهد شد. رژلب کلامور شاین موجب تقویت ساختار پوست لب شده و به ترمیم و بازسازی آن هم کمک می‌رساند. ویتامینE موجود در ترکیبات این رژلب با خاصیت آنتی‌اکسیدانی خود به خوبی از پوست لب در برابر تاثیرات منفی رادیکال‌های آزاد و عوامل مخرب محیطی محافظت نموده و مانع بروز چین و چروک روی آن می‌شود. این محصول فاقد پارابن است و از بروز حساسیت در لب‌ها جلوگیری می‌کند. خرید اینترنتی رژلب گلامور شاین کالیستا از فروشگاه خانومی فرآیندی سریع، مطمئن و راحت خواهد بود.,lips-makeup,https://www.khanoumi.com/products/callista-glamor-shine-lipstick-19718
‫رژ لب جامد بادوام نوت,NOTE LONG WEARING LIPSTICK,"341,410","382,179",رژلب‌ها یکی از وسیله‌های آرایشی جذاب وپرطرفداری هستند که به خوش‌فرم، خوش رنگ و خوش حالت شدن لب‌ها کمک می‌کنند. استفاده از رژلب از زمان‌های قدیم محبوبیت زیادی داشته به طوریکه همیشه خانم‌ها حتی افراد مسن سرحال و دوست‌داشتنی هم، یک رژلب و معمولا به رنگ قرمز در کیف خود دارند. معمولا در ترکیبات رژلب‌ها از مواد و روغن‌های مغذی و ویتامین‌ها استفاده می‌شود که به نرم و لطیف شدن پوست لب و جلوگیری از خشکی آن کمک می‌کند. رژ لب جامد بادوام نوت دارای استاندارد وگان، بافتی سبک و دوام و ماندگاری طولانی مدت بوده و با رنگدانه‌های غلیظ و پررنگ خود پوششی خوب و یکدست روی لب‌ها به وجود می‌آورد. رژ لب long wearing با دارا بودن روغن ماکادمیا، شی باتر، ویتامین E ، A  و D  به حفظ رطوبت لب‌ها کمک کرده، موجب تغذیه و تقویت آن‌‌ها شده و از خشکی و ترک لب جلوگیری می‌کند. ویتامینE  موجود در این محصول سرشار از آنتی اکسیدان بوده و از پوست لب‌ها به خوبی در برابر رادیکال‌های آزاد و عوامل محیطی محافظت می‌نماید و در احیا و بازسازی پوست لب‌ها تاثیرگذار است. رژلب بادوام نوت مورد تایید آزمایشات درماتولوژی و فاقد پارابن بوده، با رایحه ملایم و رنگبندی متنوع خود جلوه‌ای زیبا و طبیعی به لب‌ها بخشیده و به برجسته شدن خطوط لب کمک می‌نماید. ,lips-makeup,https://www.khanoumi.com/products/note-long-wearing-lipstick-19305
رژ لب مات استی مت بلک دایموند مای,my diamond stay matte lipstick,"213,610","251,300",رژلب یکی از قدیمی‌ترین و در عین حال جذاب‌ترین لوازم آرایشی است که خانم‌ها علاقه زیادی به استفاده از آن دارند. وقتی از یک رژلب با رنگ متناسب با پوستمان استفاده می‌کنیم می‌توانیم تاثیر آن را در سرحال شدن چهره و متعادل‌تر شدن رنگ پوستمان حتی بدون استفاده از هیچ ماده آرایشی دیگری ببنیم. این محصول جذاب به افزایش زیبایی لب‌ها،  فرم دادن و برجسته کردن آن‌ها کمک زیادی می‌کند. رژ لب مات استی مت بلک دایموند مای فرمولاسیونی منحصر به فرد دارد و با بافت نرم و مخملی خود پوشش کاملی روی لب‌ها ایجاد می‌کند. رژلب مات بلک دایموند به حفظ رطوبت لب‌ها کمک کرده و مانع از خشکی و پوسته پوسته شدن آن‌ها می‌شود. این محصول دوام و ماندگاری بالایی دارد و در طول روز طراوت و شادابی پوست لب‌‌ها را حفظ می‌کند. رژ لب استی مت بلک دایموند رنگدانه‌هایی قوی و غنی دارد، روی لب‌ها حس سنگینی ایجاد نمی‌کند و نمایی مات، جذاب و برجسته به آن‌ها می‌بخشد. ,lips-makeup,https://www.khanoumi.com/products/my-diamond-stay-matte-lipstick-19733
رژ لب مایع دارای اکلیل این لی,inlay extreme lip shine,"200,000","250,000",رژلب مایع این لی، با به کارگیری از مواد مرغوب مرطوب کننده، موجب حفظ شادابی و طراوت لب های شما می شود. این رژ بدون ایجاد چسبندگی درخشش ملایم و زیبایی به لب هایتان هدیه خواهد داد,lips-makeup,https://www.khanoumi.com/products/inlay-extreme-lip-shine-17182
‫رژ لب مایع امیزینگ شاین شون,Schon Amazing Shiny Lip Gloss,"244,800","276,520",امروزه رژلب‌ها در شکل‌ها و مدل‌های متنوع به بازار عرضه می‌شوند. بهتر است رژلبی را برای استفاده انتخاب کرد که علاوه بر خوش رنگی، منسجم بوده و بافتی سبک و نرم داشته باشد و با رنگدانه‌های قوی خود به راحتی و کاملا یکنواخت لب را پوشش دهد. رژلب مایع امیزینگ شاین شون بر پایه ترکیبات گیاهی بوده، بافتی سبک و نرم دارد و بدون ایجاد حس سنگینی روی لب‌ها پوششی یکدست و زیبا را روی لب‌ها به وجود می‌‌آورد. این محصول حاوی روغن هسته آلبالو بوده که سرشار از ترکیباتی مانند ویتامین E و اسیدهای چرب غیر اشباع چند گانه و امگا 9 است، موجب تغذیه پوست لب‌ها شده و در افزایش طراوت و شادابی آن‌ها موثر است. رژلب مایع شون مدل amazing shine به خاطر دارا بودن خاصیت آنتی اکسیدان به خوبی از لب‌ها در برابر رادیکال‌های آزاد و عوامل مخرب محافظت کرده، موجب حفظ سلامت آن‌ها می‌شود و از خشک شدن لب‌ها جلوگیری می‌نماید. این محصول پوست لب را رطوبت رسانی کرده، در افزایش براقیت و درخشندگی لب‌ها تاثیر مثبتی دارد و با ماندگاری بالای خود به نرم و لطیف شدن آن‌ها کمک می‌کند. رژلب مایع شون رایحه‌ خوش و ملایمی دارد و با رنگبندی عالی، متنوع و جذاب خود به زیباتر شدن لب‌ها کمک می‌نماید. قیمت رژ لب مایع شون مناسب و مقرون به صرفه بوده و خرید آن از فروشگاه اینترنتی خانومی امکان پذیر است.,lips-makeup,https://www.khanoumi.com/products/schon-amazing-shiny-lip-gloss-22964
مداد لب کاپرا,Kapra Lip Pencil,"189,999","196,875",آرایش لب بخش مهمی‌ از آرایش صورت است و فراتر از زدن یک رژ ساده است. بسیاری از افراد از پرایمر‌ مخصوص لب استفاده می‌کنند تا چروک‌ها و ترک‌های لب را بپوشانند و لبانی صاف و یک‌دست داشته باشند. یکی دیگر از مکمل‌های آرایش لب مداد یا خط لب است که گاهی تیره تر از رژ و گاهی تقریبا همرنگ است. برخی افراد از خط لب برای مشخص کردن فرم لب و برخی برای ایجاد خطای دید و بزرگتر نشان دادن لب‌ها می‌کنند. همچنین شما می‌توانید خط لب را در رژ محو کنید تا یک حاله دور لب خود ایجاد کنید. بستگی به ترجیح و علاقه شما دارد. بعد از ارایش لب شما می‌توانید از برق لب استفاده کنید تا به لب‌های خود جلوه‌ای عالی ببخشید.,lips-makeup,https://www.khanoumi.com/products/kapra-lip-pencil-66079
برق لب تیوپی LG3006 ارسال با رنگ رندوم متفرقه,Lip Gloss Code Lg3006,"99,000","130,000",برق لب‌ها جز محصولات آرایشی جذابی هستند که معمولا برای خانم‌های جوان محبوبیت زیادی داشته و به افزایش زیبایی لب‌ها کمک شایانی می‌کنند. برق لب تیوپی کیفیت خوبی داشته و رایحه‌ای ملایم دارد. این محصول رطوبت لب را تامین کرده و مانع از خشکی و ترک لب می‌شود. استفاده از آن به دلیل تیوپی بودن بسیار آسان است و نیاز به مهارت خاصی ندارد. این محصول را می‌توان هم به تنهایی و هم بر روی رژلب بکار برد و در نهایت جلوه‌ای براق و درخشان بر روی لب به وجود می‌آورد. این برق لب باعث حجیم و زیبا شدن لب شده و به آن جلوه‌ای خاص می‌بخشد.,lips-makeup,https://www.khanoumi.com/products/lip-gloss-code-lg3006-68137
رژ لب جامد سیگنیچر مدل Matte Velvet حجم 4 گرم,Signature Matte Velvet Lip Stick,"199,000","231,250",دارای بافت نرم و سبک,lips-makeup,https://www.khanoumi.com/products/signature-matte-velvet-lip-stick-77670
رژ لب مدادی نیمه مات چابی بلک دایموند مای,my semi matt chubby stick,"144,330","169,800",رژلب یکی از جذاب‌ترین لوازم آرایشی است که استفاده از آن از گذشته در بین خانم‌ها بسیار رایج بوده و از محبوبیت بسیاری برخوردار است. رژ لب مدادی نیمه مات چابی بلک دایموند مای با رنگبندی متنوع و بافت سبکی که دارد بهترین گزینه برای آرایش لب است. بافت این رژلب بسیار نرم و لطیف بوده و که براحتی بر روی پوست لب پخش می‌شود و پوششی یکدست و مات بر روی لب ایجاد می‌کند. در ترکیبات این محصول از ترکیبات مرطوب کننده استفاده شده است که از خشکی و پوسته پوسته شدن لب جلوگیری می‌کند. استفاده از این محصول بسیار راحت بوده و پس از استفاده سنگینی بر روی لب باقی نمی‌گذارد.,lips-makeup,https://www.khanoumi.com/products/my-semi-matt-chubby-stick-19761
رژ لب مدادی ایفسن,Efsane Pencil Lipstick,"240,000","264,000",رژلب پرطرفدارترین محصول آرایشی است که با رنگدهی به لب‌ها و برجسته سازی آن موجب ایجاد حس شادابی و سرزندگی در چهره می‌شود. رنگ‌های متنوع و جذاب رژلب جذابیت و زیبایی لب‌ها و در نتیجه زیبایی صورت را دو چندان می‌کند. رژلب مدادی ایفسن بافتی نرم و مخملی داشته و به هیچ عنوان باعث پوسته شدن لب‌ها نمی‌شود. سهولت استفاده از این این رژلب به دلیل مدادی بودن شکل ظاهر آن برای تمامی افراد حتی مبتدی قابل استفاده است. رنگ بندی متنوع و جذاب این رژلب و قیمت مناسب آن از مزیت‌های خرید رژلب مدادی ایفسن است. جلوه نهایی این رژلب مات بوده و با رنگدانه‌های خالص و غنی شده از روغن‌های پایدار براحتی روی لب پخش شده و جلوه‌ای زیبا به لب‌ها می‌بخشد.,lips-makeup,https://www.khanoumi.com/products/efsane-pencil-lipstick-59074
کرم ضد آفتاب بی رنگ سینره مدل Oil Free با +SPF50 مناسب پوست چرب حجم 50 میلی لیتر,Cinere SPF50 Sunscreen Cream,"264,000","330,000",اگر دارای پوست چرب هستید و به دنبال یک ضد آفتاب بدون چربی می‌گردید، ضد آفتاب بی رنگ سینره گزینه‌ای مناسب برای شماست. این ضد آفتاب همانند یک لایه محافظ عمل کرده و از پوست دربرابر اشعه‌های UVA و UVB و رادیکال‌های آزادمحافظت می‌کند. این کرم فاقد چربی است و پس از استفاده ظاهری مات به پوست شما خواهد بخشید. بافت ضد آفتاب سینره سبک است؛ بنابراین شما می‌توانید به صورت روزانه از این محصول استفاده کنید.,face-care,https://www.khanoumi.com/products/cinere-spf50-sunscreen-cream-24329
کرم آبرسان و مرطوب کننده لافارر مناسب پوست مختلط مدل 2 حجم 75 میلی لیتر,"Lafarrerr moisturizing cream for normal and 
combination skin 75 ml ","278,750","278,750",کرم آبرسان و مرطوب کننده شماره 2 لافارر محصولی مناسب پوست مختلط و نرمال است که رطوبت موردنیاز پوست را تأمین کرده و موجب نرمی و لطافت آن می‌شود. این محصول بافتی سبک و غیر چرب دارد بنابراین پس از استفاده احساس سنگینی روی پوست خود نخواهید داشت. این کرم حاوی عصاره‌های گیاهی است؛ به همین دلیل نه‌تنها پوست را نرم و لطیف خواهد کرد بلکه مانع از ایجاد چین و چروک روی پوست می‌شود.,face-care,https://www.khanoumi.com/products/lafarrerr-moisturizing-cream-for-normal-and-combination-skin-25323
کرم ژل ضد آفتاب ساین اسکین مدل Synshield با SPF50 مناسب پوست چرب آقایان حجم 50 میلی لیتر ,Syn Skin Syn Shield Invisible Sun Screen Cream Gel For Men Spf50,"186,660","339,380",کرم ژل ضدآفتاب ساین شیلد، 50SPF مناسب آقایان بوده و با حجم 50 میلی لیتر برای مصرف روزانه مناسب است. این محصول علاوه بر محافظت از پوست در برابر اشعه‌های مضر خورشید از ایجاد حساسیت و آلرژی روی پوست جلوگیری می‌کند. کرم ژل ضدآفتاب ساین شیلد، فاقد چربی است و با حفظ رطوبت، مانع از پیری زودرس پوست می‌شود.,face-care,https://www.khanoumi.com/products/syn-skin-syn-shield-invisible-sun-screen-cream-gel-for-men-spf50-28027
کرم ضد آفتاب رنگی الارو با SPF30 مناسب انواع پوست حجم 40 میلی لیتر,Ellaro SunScreen Cream Oil free SPF 30,"326,420","593,495",کرم ضد آفتاب پودری الارو، محصول مناسب برای پوست چرب و مستعد آکنه است. به دلیل دارا بودن سیلیکون سبب ایجاد حس ابریشمی و مات می‌شود به طوری که بعد از استفاده هیچ چربی روی پوست باقی نمی‌گذارد. این ضد آفتاب از برند الارو دارای خاصیت لایه برداری ملایم است و به مرور زمان باعث کم شدن لک بر روی پوست شما می‌شود.,face-care,https://www.khanoumi.com/products/ellaro-sunscreen-cream-oil-free-spf-30-256
کرم مرطوب کننده نئودرم مدل Optimal Hydrosense حجم 150 میلی لیتر,Neuderm Optimal Hydrosense Hydrating Cream 150ml,"59,340","118,678",کرم مرطوب‌کننده نئودرم یک آبرسان قوی با جذب سریع و بافت سبک است. این محصول رطوبت موردنیاز پوست را به خوبی تامین کرده و از خشکی و التهابات پوستی جلوگیری می‌کند. این محصول متناسب با نیازهای پوست نرمال و خشک تهیه شده و به نرمی و لطافت آن‌ها کمک می‌کند. ترکیبات موثر این محصول موجب جوانی و کاهش علائم پیری پوست هم می‌شود.,face-care,https://www.khanoumi.com/products/neuderm-optimal-hydrosense-hydrating-cream-150ml-30304
کرم ضد آفتاب بی رنگ ژنوبایوتیک مدل Sunogen با SPF50 مناسب پوست چرب و مختلط حجم 50 میلی لیتر,Genobiotic Colorless SunoGen Sunscreen Cream for oily  Skin SPF50 50g,"258,160","368,800",نور خورشید اگرچه فوایدی برای بدن دارد و باعث تقویت سیستم ایمنی می‌شود، درعین حال قرار گرفتن مستمر در معرض نور آفتاب باعث ایجاد آفتاب‌سوختگی،  لک و چین و چروک‌هایی در سطح پوست می‌شود که باید برای پیشگیری از هر گونه آسیب جدی به پوست از ضد آفتاب‌های مناسب آن استفاده کنیم. قرار گرفتن در معرض نور خورشید به مدت طولانی باعث می‌شود سلول‌های سطحی پوست آسیب ببنند.بنابراین کرم‌های ضد آفتاب و استفاده‌ی مداوم از آن‌‌ها به حفظ سلامت و زیبایی پوست کمک شایانی کرده و در به تعویق انداختن پیری پوست بسیار موثر است. ضد افتاب‌ها به پوست کمک میکنند تا بروز علائم پیری به تعویق بیفتد.  کرم ضد آفتاب پوست چرب سانوژن بی رنگ ژنو بایوتیک نقش موثری در مهار اشعه مضر خورشید داشته و با فرمولاسیون منحصر به فرد خود مانع ایجاد جوش و آکنه می‌گردد. این محصول مخصوص پوست‌های چرب طراحی شده و فاقد چربی است. بافت سبکی داشته و به سرعت جذب پوست می‌شود و اثری از چربی و سنگینی روی پوست ایجاد نمی‌کند. این محصول با حفظ رطوبت پوست مانع از پیری زودرس شده و ضد التهاب است. ضد آفتاب پوست چرب ژنوبایوتیک مانع از بروز لک‌های پوستی شده غیر کمدون‌زاست.,face-care,https://www.khanoumi.com/products/genobiotic-colorless-sunogen-sunscreen-cream-for-oily--skin-spf50-50g-67984
کرم آبرسان صورت الیوکس مدل Oily مناسب پوست چرب حجم 70 میلی لیتر,Olivex Hydrating Cream For Oily Skin 70ml,"129,250","235,000",کرم آبرسان الیوکس با تامین رطوبت موردنیاز پوست خشکی و کشیدگی پوست را رفع کرده و به دلیل داشتن بافت سبک پس از استفاده هیچگونه سنگینی یا چربی اضافی روی پوست شما ایجاد نخواهد کرد. این محصول با آبرسانی عمیق به پوست از بروز چین و چروک جلوگیری کرده و به شما پوستی نرم و لطیف را هدیه می‌دهد. نداشتن پارابن و مواد نگهدارنده مضر از دیگر مزایای این کرم است که به شما کمک می‌کند تا با خیالی آسوده از آن استفاده کنید.,face-care,https://www.khanoumi.com/products/olivex-hydrating-cream-for-oily-skin-70ml-30986
کرم ضد آفتاب رنگی مدل Full Coverage با spf 50 مناسب پوست چرب و مختلط حجم 50 میلی لیتر,Ginagen Tined Sun Screen Spf 50 For Oily Skins 50 ml,"324,870","499,800",نوع: کرم,face-care,https://www.khanoumi.com/products/ginagen-tined-sun-screen-spf-50-for-oily-skins-50-ml-76921
لوسیون ضد آفتاب آردن مدل  Aqua Newgen با +SPF50 مناسب انواع پوست حجم 100 میلی لیتر ,Ardene Solaris Sunscreen Lotion Aqua Newgen 100ml,"475,270","594,083",لوسیون ضد آفتاب آردن مدل آکوا نیوژن +SPF50 مناسب انواع پوست بوده و در حجم 100 میلی لیتر تهیه شده است تا برای مصرف روزانه مناسب باشد. این محصول روی پوست مرطوب و خیس قابل استفاده است و هنگام مصرف در ناحیه دور چشم بدون ایجاد سوزش، آلرژی و تحریک، بهترین گزینه خواهد بود.,face-care,https://www.khanoumi.com/products/ardene-solaris-sunscreen-lotion-aqua-newgen-100ml-69202
